일자,충전방식,0시,1시,2시,3시,4시,5시,6시,7시,8시,9시,10시,11시,12시,13시,14시,15시,16시,17시,18시,19시,20시,21시,22시,23시
2021-01-01,급속,2480,1880,1160,1280,1480,2120,2240,4080,6640,8400,10240,11360,13400,11600,12800,13680,13360,12400,8520,7360,5680,5200,4040,2960
2021-01-01,완속,567,546,329,119,112,91,133,231,413,476,903,903,868,1106,889,1288,1421,1813,1729,1316,1092,1127,1099,1050
2021-01-02,급속,1840,1160,680,600,1240,1120,1920,3480,5960,8080,9080,12680,12840,13240,12720,13720,13960,11520,8840,7200,6200,5000,3520,3280
2021-01-02,완속,357,336,336,98,77,77,112,119,308,427,721,742,770,980,1127,1281,1365,1680,1792,1365,1232,1365,1351,1351
2021-01-03,급속,1880,1360,880,600,1000,1120,1840,2960,5160,7680,7560,10880,11400,12640,14040,13880,14160,12120,9160,7680,7360,5640,4040,2760
2021-01-03,완속,399,385,231,119,70,77,84,133,385,518,700,861,1225,1141,1281,1526,1736,1785,1876,1624,1134,1281,1239,910
2021-01-04,급속,2000,1400,960,600,1400,1320,2640,4960,8000,10040,10960,12560,14000,13560,13000,13680,13880,12960,11840,11280,8840,6640,4840,3640
2021-01-04,완속,301,294,175,49,42,56,84,259,553,532,693,882,833,756,1183,1337,1617,2233,2583,2611,1911,1869,1575,1617
2021-01-05,급속,1640,1280,680,1120,1160,1880,3120,5320,7640,9400,10160,12640,13480,12880,13400,14120,13360,14600,12840,11160,9000,6840,6480,5000
2021-01-05,완속,504,504,469,84,49,63,154,182,455,623,609,1022,854,763,1057,1407,1596,2219,2996,2786,2163,1911,1673,1610
2021-01-06,급속,1960,1480,600,200,1680,1840,3520,5720,8600,9640,12040,13320,15200,12840,13280,14400,16320,12360,13120,11480,8320,6840,5920,4400
2021-01-06,완속,504,497,462,378,35,98,168,252,511,567,728,917,812,924,1078,1316,1589,2352,3038,2506,2471,1834,1526,1456
2021-01-07,급속,2160,1560,1160,560,1320,1680,2560,4200,7120,9280,9560,10480,13440,12680,12920,13840,15240,14760,13080,11960,9200,8200,6160,3760
2021-01-07,완속,595,574,245,245,56,77,70,175,315,483,546,826,707,763,952,1148,1372,2037,2730,2352,2282,1358,1337,1386
2021-01-08,급속,2080,1640,1040,880,1680,1600,2640,5000,8960,11200,11520,14160,15880,14480,14320,14720,16560,14600,14160,10960,9360,7320,7120,5600
2021-01-08,완속,357,343,161,35,56,98,119,231,476,700,595,1001,917,602,819,1260,1428,2030,2751,2324,1792,1680,1442,1400
2021-01-09,급속,2200,1640,1160,680,1360,1680,2520,4120,7080,10000,11000,13920,13160,14320,13200,14760,15480,11560,10920,8760,7120,6280,4560,3400
2021-01-09,완속,497,490,196,189,84,35,98,140,329,504,707,840,987,1008,1197,1309,1498,1568,1750,1561,1428,1379,1351,1148
2021-01-10,급속,2360,1800,760,960,1080,1320,1800,2520,6080,8560,10000,10760,13520,12920,14920,13560,14240,13360,9280,8040,7480,5840,4360,2520
2021-01-10,완속,546,525,511,84,56,63,140,231,357,546,791,1071,1225,1246,1386,1400,1715,2107,2023,1428,1477,1372,1344,1078
2021-01-11,급속,920,960,640,480,1400,1120,2440,4360,9160,10200,12720,14000,15960,15240,14840,16080,15040,14120,12680,11680,8560,7000,5720,4240
2021-01-11,완속,357,112,105,70,35,21,126,280,483,574,833,882,1022,959,1057,1407,1687,2079,2786,2667,2583,1582,1351,1337
2021-01-12,급속,1440,960,400,520,1400,1760,3240,5000,8160,10360,10160,13840,14320,12960,15160,16200,14920,13160,12520,11360,8720,7440,4600,3240
2021-01-12,완속,420,413,406,126,35,84,98,245,462,679,707,1078,707,840,1078,1435,1729,2198,2723,2653,2492,1729,1617,1589
2021-01-13,급속,2120,1520,880,760,1080,1520,3240,5440,8480,9840,11520,11760,14240,12360,13800,13960,13840,12040,13600,9560,7440,6600,5080,3880
2021-01-13,완속,357,357,175,105,63,56,133,238,469,644,574,875,833,763,1022,1260,1540,1981,2926,2877,2534,1652,1491,1491
2021-01-14,급속,1600,1240,960,560,1840,1480,3160,5000,7560,9080,10120,10840,12400,13000,11560,13840,13000,12800,12000,9760,8360,7480,5600,3880
2021-01-14,완속,518,497,252,98,21,63,147,273,273,378,637,861,931,882,854,1211,1715,2016,2590,2611,1939,2002,1967,1729
2021-01-15,급속,1800,1320,1040,520,1560,1280,2560,4320,7760,9320,10160,12680,13800,12760,13600,13440,12960,11120,12120,9480,8040,6080,4800,3840
2021-01-15,완속,574,560,210,126,70,77,182,252,525,560,693,847,987,777,1113,1106,1617,1652,2562,2429,1848,1827,1575,2002
2021-01-16,급속,2640,1960,800,200,1400,1160,2680,4640,6480,9320,11000,12160,12520,12960,12160,12480,13160,12680,9800,7600,6880,6320,4640,3040
2021-01-16,완속,721,721,651,595,84,84,84,203,483,630,693,896,973,994,1029,1120,1456,1596,1771,1680,1337,1505,1330,1309
2021-01-17,급속,1760,1480,1280,680,1040,1440,2080,3240,5800,7720,10680,10720,13720,12800,14000,13720,13280,12800,10400,7880,8440,6240,4760,2840
2021-01-17,완속,539,532,273,189,84,91,105,189,427,546,756,896,1099,1113,1337,1596,1897,1974,2044,1953,1519,1330,1302,1036
2021-01-18,급속,1160,960,760,640,1400,1240,2160,4360,7160,7760,8360,11720,12040,12280,12320,13360,12800,13160,12280,8840,7840,5880,4560,4040
2021-01-18,완속,301,119,119,56,42,63,126,168,427,441,560,658,833,763,882,1274,1267,1813,2681,2576,1708,1673,1449,1421
2021-01-19,급속,1840,1360,720,760,1560,1360,2880,4320,8800,10760,10880,13120,15080,13520,15080,15360,15000,14080,13360,11400,9080,7280,6120,4200
2021-01-19,완속,455,455,427,91,105,105,119,189,371,658,756,903,952,763,980,1281,1547,2044,2625,2814,2765,2233,1799,1589
2021-01-20,급속,1800,1160,960,840,1200,1560,3560,5240,9440,9920,11720,13080,13920,12480,14440,15040,14280,13560,12600,10960,8360,6480,5640,4080
2021-01-20,완속,497,490,189,98,49,84,133,245,469,595,686,931,938,1029,1008,1176,1519,1981,2807,2926,2863,1981,1603,1575
2021-01-21,급속,2160,1600,720,760,1520,1880,3160,4640,9000,8920,10560,12600,13520,13280,11440,12280,11440,11240,11040,7880,7000,6520,4960,4120
2021-01-21,완속,476,462,301,91,91,56,105,238,371,672,945,931,847,917,840,1204,1498,1967,2583,2667,2226,1764,1715,1701
2021-01-22,급속,1440,1400,1200,560,1680,1480,2920,5880,8000,8880,10200,11920,13040,12120,12200,11960,12280,12400,10720,9360,7520,6240,4480,3120
2021-01-22,완속,595,203,189,175,91,84,168,259,539,609,840,770,812,868,966,1148,1582,1736,2387,2401,2051,1890,1624,1848
2021-01-23,급속,1920,1480,1040,760,1080,1560,2640,4080,6720,8760,8000,10400,10800,11120,11280,11200,10480,10240,8080,6320,5680,4160,3560,2600
2021-01-23,완속,616,609,308,154,126,63,126,252,448,567,644,875,777,994,1029,1134,1225,1624,1722,1393,1526,1358,1463,1414
2021-01-24,급속,1680,1200,880,600,1120,1200,1560,3520,5400,8120,9840,10800,10760,10680,10760,12000,11320,11600,8000,7040,6200,5160,3880,2600
2021-01-24,완속,525,511,196,105,133,91,210,259,476,749,798,826,1204,1162,1267,1421,1729,2436,2366,1715,1379,1589,1554,959
2021-01-25,급속,1680,1080,680,680,640,1520,3080,4880,7120,9000,10320,11000,11920,10560,12720,13240,14040,11240,10960,8520,8440,5840,4280,3400
2021-01-25,완속,420,399,105,56,42,63,126,133,385,609,770,875,707,973,812,1400,1456,1960,2625,2632,1904,1988,1967,1316
2021-01-26,급속,1640,1440,1280,480,1480,1120,2320,3920,5920,6800,8520,10440,11880,11520,12600,13160,12040,12600,10520,10200,6960,6120,5760,4360
2021-01-26,완속,504,203,203,105,49,70,196,161,350,539,434,644,826,742,1022,1162,1561,1995,2849,2471,2408,1813,1442,1435
2021-01-27,급속,1880,1200,880,880,1560,2040,2720,5120,8200,9280,10160,12400,13160,12200,13240,11920,13960,11600,11680,10280,7800,7280,5320,4120
2021-01-27,완속,483,476,189,70,91,70,119,308,448,546,854,819,791,756,1127,1456,1540,2156,2639,2646,2583,2079,2030,1722
2021-01-28,급속,2360,1800,800,800,1480,1480,3080,5760,8280,10200,9320,11120,11960,11600,12520,13440,13280,12480,12440,9320,8120,6560,5560,4080
2021-01-28,완속,567,560,504,84,56,77,126,280,420,574,777,889,826,763,1022,973,1323,2016,2793,2695,1778,1785,1561,1554
2021-01-29,급속,1720,1280,1040,880,1240,1600,2680,5720,8400,10080,11000,12920,13840,13760,13720,14000,14160,13400,12680,10720,9640,8480,6000,5160
2021-01-29,완속,448,434,238,84,84,56,91,350,504,560,637,595,728,602,679,959,1106,1701,2555,2562,2100,2198,2149,2009
2021-01-30,급속,2800,2400,880,800,1360,1640,2920,5680,7840,8760,11160,13520,13560,14040,14120,12760,15160,11280,10520,7400,6640,6560,4880,3400
2021-01-30,완속,644,637,581,168,91,63,147,329,413,616,693,798,945,1099,1127,1330,1414,1575,1827,1666,1624,1554,1533,1505
2021-01-31,급속,2200,1600,680,600,840,1200,2400,4200,5680,8000,10680,9680,12080,11840,11120,13520,12600,11800,9840,7120,7720,5640,4360,2920
2021-01-31,완속,504,504,483,77,49,84,133,182,427,735,861,847,1134,1043,1281,1407,1757,1995,1974,1925,1652,1589,1211,1176
2021-02-01,급속,1280,1040,360,480,1240,1120,2160,3640,6840,8880,9440,11480,12360,11080,13280,13760,13400,11880,11320,9480,7400,5400,4800,3480
2021-02-01,완속,399,385,364,21,63,63,105,259,490,532,700,889,700,735,805,1288,1673,2058,2429,2569,2492,1722,1722,1715
2021-02-02,급속,1680,1120,880,480,880,1400,3040,5040,7560,8440,9040,12640,13120,13360,13440,13800,17200,13680,13360,10280,9400,7840,6880,5000
2021-02-02,완속,504,490,196,154,49,49,105,280,413,588,672,875,805,805,952,1491,1715,2093,2688,2877,2093,2142,1785,1771
2021-02-03,급속,2280,1640,1000,600,1200,1560,2960,5840,9520,9000,11880,14240,15240,14360,12840,14880,13440,13320,12360,11720,8560,7200,5480,3120
2021-02-03,완속,462,462,161,112,70,91,147,322,511,665,721,847,868,917,1099,1155,1806,2163,3038,2744,2674,2156,2135,1694
2021-02-04,급속,2080,1560,920,680,1160,1480,2640,4520,9080,11040,10000,13520,13480,13840,13200,12800,14800,12360,12560,10760,8440,8080,6480,4440
2021-02-04,완속,413,413,378,63,70,70,133,224,378,693,644,707,770,805,980,1141,1519,1911,2919,2779,2723,2205,1680,1652
2021-02-05,급속,2880,2320,920,760,1440,1800,3160,5520,10000,11880,12080,12000,15160,13560,13680,13720,14120,12960,11600,10040,8400,6960,4960,3600
2021-02-05,완속,469,469,448,133,63,63,238,343,567,756,980,1008,973,903,896,1232,1743,1757,2422,2576,1883,2058,2016,1883
2021-02-06,급속,2800,2040,960,760,1240,1520,2960,5560,7480,9680,10080,12120,11760,11560,12480,11320,12560,10920,8720,7280,6200,4840,4200,2880
2021-02-06,완속,679,679,658,161,91,70,140,287,427,630,637,812,973,1001,1036,1225,1358,1799,1953,1827,1414,1456,1484,1442
2021-02-07,급속,2080,1360,1040,360,920,960,1720,3760,5840,7760,8720,10520,10320,12240,13040,12760,12000,11840,9640,7640,6600,5640,4440,3160
2021-02-07,완속,553,518,266,224,105,49,105,273,343,623,735,952,1120,1295,1239,1463,1708,2037,2128,1876,1519,1379,1148,1113
2021-02-08,급속,1720,1120,560,480,920,1240,2600,5000,8760,8760,11320,13120,13600,13200,13520,13560,14240,12880,12760,11720,9120,7200,5760,4320
2021-02-08,완속,322,315,84,21,63,49,119,217,434,693,945,1078,840,959,1120,1253,1659,1701,2499,2765,2121,2149,1778,1764
2021-02-09,급속,2000,1520,880,880,1160,1520,3840,5320,10000,9640,11200,13200,15200,13560,14400,14760,14160,12360,13400,11760,8880,7880,6800,4960
2021-02-09,완속,448,441,224,91,63,91,133,357,413,602,819,1001,1036,945,994,1337,1582,1904,2520,2702,2625,2135,1946,1918
2021-02-10,급속,2080,1600,1360,520,1400,1840,3280,6680,10040,11120,10600,13440,14240,15560,14400,14240,14080,12560,12480,10520,8640,7120,5480,4400
2021-02-10,완속,525,504,336,287,133,77,147,399,637,840,854,1050,1190,1134,1204,1806,1834,2093,2380,2275,1946,2009,1575,1918
2021-02-11,급속,2400,1680,1120,920,1560,1400,2400,5120,6680,8840,11440,10800,11760,12600,13000,11920,12360,10680,7880,7040,6000,5360,4160,3160
2021-02-11,완속,658,658,273,259,84,84,168,287,595,742,777,994,1036,1099,945,1232,1344,1666,1666,1400,1568,1568,1197,1183
2021-02-12,급속,1960,1320,720,560,720,1080,1880,3920,4920,6840,7800,8320,9200,8840,9240,10480,9160,9320,6680,5920,4640,4200,3600,2720
2021-02-12,완속,462,455,175,112,84,28,77,266,427,497,714,833,1029,854,903,1183,1232,1400,1260,1449,1351,1596,1050,1036
2021-02-13,급속,1080,880,680,440,1040,1240,1600,3400,5360,6760,9040,10040,10920,10520,11280,11160,11120,8720,9200,5800,5440,5280,4160,3160
2021-02-13,완속,441,434,210,154,49,70,49,189,301,497,623,847,819,861,889,1064,1337,1470,1764,1736,1512,1792,1155,1141
2021-02-14,급속,1800,1400,600,720,760,920,1560,3160,5160,6400,7600,9440,9600,10200,10720,10600,10160,8000,8200,6600,5320,4360,3280,2400
2021-02-14,완속,434,420,399,91,84,49,98,231,427,483,693,861,1022,1022,1232,1470,1456,1659,1701,1540,1330,1295,987,973
2021-02-15,급속,1360,920,640,360,720,1480,2400,4760,7760,8200,10120,11280,12360,11800,12200,12280,14240,13000,13320,10720,8280,6560,4720,4000
2021-02-15,완속,287,280,161,161,35,14,147,168,476,504,630,868,812,966,973,1379,1589,2072,2667,2597,2198,1813,1729,1645
2021-02-16,급속,2240,1840,840,680,1040,1200,3600,4760,8680,9320,10160,12920,12000,12480,13040,14000,13400,13040,12520,12000,8840,6440,6160,4920
2021-02-16,완속,560,560,168,168,49,70,189,322,427,511,686,924,798,980,1281,1379,1603,2184,2863,2583,2562,1981,1757,1750
2021-02-17,급속,2280,1640,1160,720,640,1680,2680,5120,8360,10040,11240,13080,13880,13680,13840,15960,15120,13960,15560,12080,9280,8120,6320,5000
2021-02-17,완속,553,546,196,161,154,70,182,336,455,651,812,945,1085,931,1134,1589,1680,2289,2814,2793,2737,2009,1981,1946
2021-02-18,급속,2400,2000,1720,1000,1120,1840,3040,5600,9520,9880,11280,13720,17080,13760,15120,15280,16560,15360,14520,12440,9160,8080,6000,4440
2021-02-18,완속,511,245,238,161,63,112,168,301,588,644,756,875,945,812,1050,1302,1673,1960,2730,2912,2786,2114,2079,2093
2021-02-19,급속,2560,2000,1200,840,1240,2040,3240,5800,8520,10520,11560,14200,15200,14800,14360,15240,14760,13320,11880,11520,8600,7320,6480,4840
2021-02-19,완속,518,518,483,154,84,133,189,350,490,539,910,861,952,882,1120,1505,1687,1792,2506,2660,2583,1883,2023,1974
2021-02-20,급속,2640,2080,1320,1160,1280,1880,2880,5040,6480,9320,10760,12160,11880,12120,12080,12680,12280,10160,9520,6640,6640,5320,3840,2760
2021-02-20,완속,700,700,392,154,63,77,133,399,420,665,819,714,1092,1022,1071,1029,1281,1659,1820,1806,1491,1631,1575,1638
2021-02-21,급속,2120,1360,560,600,1040,1560,2240,3680,5640,8920,8280,10000,10160,11160,12320,12680,10800,10920,9520,8080,6920,5720,4000,2720
2021-02-21,완속,546,539,511,182,98,91,112,301,462,679,602,931,931,966,1316,1309,1652,1862,2065,1834,1582,1617,1582,1302
2021-02-22,급속,1520,960,760,560,1040,1120,2120,4680,6840,8800,9560,10440,12160,11160,12040,11720,11880,11760,10560,8520,7760,5480,4560,3320
2021-02-22,완속,357,336,196,126,84,42,168,224,378,546,679,721,791,854,1043,1302,1512,1876,2583,2534,2261,2212,1589,1547
2021-02-23,급속,1560,1280,880,440,880,1440,3360,5080,8080,9200,10800,11640,13560,11920,13080,13040,12280,11800,11760,10400,8120,6760,5720,4560
2021-02-23,완속,504,497,280,252,70,84,105,350,504,630,630,742,952,812,868,1421,1701,2233,2562,2485,2107,1890,1729,1708
2021-02-24,급속,2560,2080,1360,720,1240,1960,3160,5160,7800,8640,9960,12520,11880,12880,12320,12920,12440,12240,12520,10560,7720,6880,5440,3760
2021-02-24,완속,644,602,280,252,112,70,140,371,406,609,805,959,707,756,1050,1393,1603,1960,2562,2583,2527,2128,1799,2037
2021-02-25,급속,2600,1880,960,880,1320,1640,3880,5360,8880,9200,10400,12360,12480,11560,11760,13840,12800,11800,12640,9080,7520,6120,4720,3840
2021-02-25,완속,567,532,245,119,105,63,126,294,483,553,756,770,910,854,994,1351,1379,1778,2611,2387,2128,1890,1750,1792
2021-02-26,급속,1920,1520,1160,800,1400,1480,3440,4920,8680,9080,10160,11800,13600,12600,13960,11800,12560,12600,12520,10960,8520,7840,5800,4320
2021-02-26,완속,469,462,357,126,35,161,161,399,518,581,749,826,770,868,784,1050,1792,1981,2576,2394,2156,1925,1897,1855
2021-02-27,급속,2280,1480,1200,960,1080,1920,3560,5440,7800,9800,9600,12080,11800,10880,11520,12320,11440,12480,10400,8280,7800,5240,4440,4360
2021-02-27,완속,756,735,392,168,126,91,161,329,413,651,630,903,847,1022,1071,1169,1162,1645,1638,1694,1764,1729,1323,1561
2021-02-28,급속,2280,1720,1200,760,1080,1560,2560,4200,6600,8880,9480,11040,10520,11680,11560,12040,11080,9880,9320,7040,6840,5080,4320,3040
2021-02-28,완속,609,609,294,203,91,119,168,294,476,623,756,1085,1008,966,1022,1225,1428,1764,1806,1526,1526,1652,1393,1365
2021-03-01,급속,1680,1080,1120,640,880,1200,2800,3520,4720,6840,8640,8960,10440,10440,10040,10000,9640,9880,8040,6960,6040,4720,4160,2960
2021-03-01,완속,525,518,203,189,63,98,119,315,343,574,637,973,1015,987,1113,1428,1554,1827,1883,1519,1645,1407,1246,1204
2021-03-02,급속,1920,1440,880,600,1200,1840,3520,5600,9280,8840,10680,11280,13320,12720,11800,12120,12680,13360,12800,11000,9040,7120,5480,3680
2021-03-02,완속,343,343,112,77,49,42,168,245,518,511,672,826,777,707,805,1099,1428,2156,2751,2898,2191,1806,1750,1911
2021-03-03,급속,2040,1640,760,600,1480,1720,2880,5040,8080,9880,10920,11520,13600,12520,10960,12520,13600,12960,12400,10720,7960,6200,5800,4440
2021-03-03,완속,532,525,483,175,77,91,203,210,588,553,686,798,945,812,1085,1393,1505,2051,2667,2793,2723,2128,1792,1778
2021-03-04,급속,2360,1760,1280,680,1400,2240,2760,5320,8920,9680,9520,10400,13080,11600,12640,11680,12760,10560,11800,10000,7800,6200,5000,4000
2021-03-04,완속,420,413,322,133,56,84,168,294,707,630,672,945,889,693,1092,1281,1589,2016,2527,2324,2142,2079,1869,1708
2021-03-05,급속,2280,1640,840,600,1360,1560,4040,5200,9080,10680,10240,11000,13400,12160,11680,13640,12640,12800,11640,10080,8320,6280,5680,4520
2021-03-05,완속,497,483,322,161,105,168,126,336,630,588,742,882,931,973,1064,1330,1561,2212,2814,2387,2268,1848,1946,1953
2021-03-06,급속,2680,1920,1320,680,1400,1720,3240,5240,6760,8600,9360,10440,12160,11480,11040,12320,11880,11240,9800,7400,5800,4920,4560,3680
2021-03-06,완속,763,756,287,252,105,140,203,280,476,665,644,910,952,1183,1162,1288,1295,1421,1631,1715,1512,1666,1442,1435
2021-03-07,급속,2280,1640,1120,600,1240,1640,2480,3920,5960,7560,9720,11160,11200,11400,11120,11960,11800,10880,9920,8800,7440,5720,4200,2640
2021-03-07,완속,595,595,336,133,98,91,147,259,420,693,910,854,1043,1218,1372,1568,1806,2030,1939,2002,1540,1533,1498,1211
2021-03-08,급속,1920,1240,640,640,1120,1160,2640,4960,7240,8720,9520,10760,11960,10800,11800,12760,12600,11400,11840,9840,7200,5160,5080,3720
2021-03-08,완속,420,420,392,91,49,28,119,189,623,462,679,742,847,861,987,1267,1631,2107,2450,2562,2506,1834,1792,1771
2021-03-09,급속,1840,1360,600,720,1480,1360,2920,5680,8320,8080,9880,12040,11800,11200,12520,12440,12400,13560,11480,10280,8280,6560,4840,3480
2021-03-09,완속,532,525,476,98,91,112,140,301,511,574,665,917,896,679,826,1253,1897,2296,2863,2555,2002,1722,1974,1939
2021-03-10,급속,1720,1240,960,680,1320,2040,3280,5360,8000,8840,10240,11600,13840,11960,11080,11440,12400,12760,11480,10560,8120,6280,4560,3680
2021-03-10,완속,518,518,252,119,77,84,147,231,637,658,630,910,847,910,1022,1288,1568,2156,3024,2674,2618,2107,1673,1701
2021-03-11,급속,1880,1320,920,640,1040,1720,3200,6080,9320,9200,9840,10800,12720,12160,11240,14080,13520,13200,11560,10720,7680,6280,4760,3600
2021-03-11,완속,644,623,238,70,77,112,147,266,581,847,882,791,966,756,1204,1274,1862,2198,2611,2814,2765,2072,1946,1659
2021-03-12,급속,2400,1600,1040,520,1320,2040,2240,4440,8200,8720,9880,11280,10840,11280,11520,12760,12480,11440,12720,10880,8160,6880,5840,4440
2021-03-12,완속,511,511,294,280,70,112,126,301,560,742,840,826,910,924,1015,1274,1533,2177,2667,2730,2303,2016,1820,1785
2021-03-13,급속,2800,2200,1360,1120,1200,1800,3280,5960,8240,10320,11360,12360,11480,11840,11920,11880,12160,11520,10120,7400,6920,5760,4840,3480
2021-03-13,완속,672,672,357,245,84,140,168,301,595,665,791,840,994,847,1106,1267,1316,1855,1848,2030,1498,1456,1610,1575
2021-03-14,급속,2200,1760,1160,520,1040,1320,2400,4680,6520,7360,9640,9520,11520,9400,11960,11760,12040,10080,10720,7320,6480,5480,4440,3120
2021-03-14,완속,595,574,350,203,126,70,133,266,532,630,896,994,1120,1288,1253,1351,1841,1981,1946,2016,1897,1519,1113,1099
2021-03-15,급속,1480,1200,640,520,1240,1680,3400,4640,8480,9080,9840,11800,12520,11760,13040,13240,12760,11760,12200,10320,7160,5200,3520,2640
2021-03-15,완속,462,462,161,63,56,56,119,322,574,644,826,763,826,763,1078,1386,1554,2128,2562,2821,2765,1981,1771,1372
2021-03-16,급속,2080,1280,800,560,1080,1400,3200,4720,7480,7960,8760,10560,12280,12120,11400,12120,13200,11920,13880,10400,7840,6080,4560,3480
2021-03-16,완속,595,595,266,126,91,98,161,252,553,518,686,686,826,735,1120,1435,1687,1820,2569,2611,2205,1946,1904,1736
2021-03-17,급속,1880,1400,960,800,1480,1880,3400,5200,8400,9680,9320,12320,11840,10880,10320,12320,12440,13040,11280,10200,8280,6760,5080,3480
2021-03-17,완속,588,567,161,154,70,119,154,350,546,658,819,945,861,784,966,1512,1736,2268,2541,2625,2142,1981,1883,1827
2021-03-18,급속,1760,1640,1280,640,1480,1960,2880,5200,8360,8320,9160,11120,11600,12000,11280,12560,12800,11200,11840,10560,8520,6120,4720,3920
2021-03-18,완속,497,301,294,147,112,84,133,378,630,658,630,770,728,728,1071,1414,1673,2058,2548,2674,2128,1974,2044,1624
2021-03-19,급속,2520,1560,1280,960,1600,2120,3000,5360,8600,9120,9920,11920,12440,12240,12200,13680,12440,11640,11920,10240,8120,6640,5080,4200
2021-03-19,완속,609,609,119,119,119,105,126,329,784,693,581,784,847,868,847,1365,1799,2072,2674,2646,1897,1813,2149,1925
2021-03-20,급속,2000,1480,880,840,920,1600,2520,5080,6440,6960,8000,9920,9960,10800,11600,11440,11440,10440,8920,7520,6400,4280,3840,2920
2021-03-20,완속,651,651,476,217,91,91,119,329,378,679,623,777,959,1218,1029,1344,1323,1813,1722,1603,1624,1554,1316,1428
2021-03-21,급속,1920,1120,1120,800,1240,1680,2880,4640,6160,8760,8720,10520,11120,11560,12880,12120,12520,12640,10400,9600,7800,5800,4240,3280
2021-03-21,완속,679,679,196,133,84,140,154,315,420,770,952,1008,1043,1190,1225,1442,1806,2142,2261,2156,1869,1750,1722,1323
2021-03-22,급속,1720,1200,840,520,1320,1160,3280,5160,9040,9280,9600,12360,12680,12960,13000,13960,11920,12240,11080,10240,9280,6240,4400,3640
2021-03-22,완속,539,525,203,133,63,77,189,231,630,707,623,644,840,616,903,1113,1568,2030,2625,2947,2023,1953,1701,1617
2021-03-23,급속,2280,1920,920,680,1520,1680,3080,5760,8640,9080,9600,11560,12160,11600,12040,12760,12480,12480,12520,10920,8120,6840,5040,3960
2021-03-23,완속,469,469,203,189,84,98,182,308,623,700,630,721,721,945,805,1246,1491,2282,2863,2611,2548,1806,1771,1666
2021-03-24,급속,2040,1680,840,800,1400,1760,2840,4800,7840,9920,8840,11080,12560,11560,12160,10760,12320,12440,11920,10480,7640,6000,5880,4080
2021-03-24,완속,511,497,196,133,77,70,133,287,644,616,707,763,819,854,980,1211,1680,2261,2828,2772,2723,2121,2009,1946
2021-03-25,급속,2360,1680,760,880,1400,1600,3480,5000,9440,8560,9040,10280,11480,12320,9560,12200,12600,12560,11880,11320,9280,6520,4640,3320
2021-03-25,완속,560,553,315,70,70,77,133,364,630,693,721,889,756,756,1050,1442,1575,2016,2695,2611,2282,2261,1813,1813
2021-03-26,급속,2480,1640,1040,720,1400,1640,3960,5400,9320,9080,10240,11640,13360,11600,12760,13040,12600,13160,11920,9960,8760,7720,5800,4480
2021-03-26,완속,735,714,315,133,42,98,196,287,637,854,770,882,882,770,1029,1463,1596,2156,2541,2688,2184,2030,1981,1897
2021-03-27,급속,2280,1640,1120,1000,1400,1880,3680,5720,7120,7880,9520,10800,10680,10000,9000,9720,9560,9000,6920,5960,5360,4520,3920,3000
2021-03-27,완속,749,735,259,140,77,126,168,273,595,651,777,833,903,1064,1281,1281,1204,1526,1631,1547,1582,1379,1435,1274
2021-03-28,급속,1680,1160,920,680,960,1120,2920,5080,6360,7800,10080,10440,11120,12640,12400,12120,12240,12160,11960,9040,8360,6560,4240,2760
2021-03-28,완속,630,623,175,133,63,140,203,371,455,833,959,1197,1295,1428,1407,1659,1785,2044,2282,1967,1638,1876,1715,1127
2021-03-29,급속,1600,1160,680,720,1120,1480,3920,5400,8400,8320,10680,11280,12160,10040,11640,12800,11240,11200,12480,10680,8200,5880,4840,3640
2021-03-29,완속,392,385,161,84,42,42,140,294,623,616,763,798,693,784,1092,1141,1771,2226,2576,2674,2219,2142,1638,1547
2021-03-30,급속,1600,1200,960,960,1040,1800,3560,5520,7440,8960,8840,9240,12600,10480,11400,12920,11320,12120,11720,9600,9280,6720,4920,3680
2021-03-30,완속,553,532,280,77,91,77,133,357,525,686,665,651,714,784,896,987,1652,2037,2632,2723,2065,2065,2044,1715
2021-03-31,급속,1920,1200,1040,720,920,1840,4280,5400,8280,8280,8960,10640,11920,9960,10160,11560,11600,11920,12800,12080,8280,6200,4960,3960
2021-03-31,완속,539,532,196,196,70,91,189,308,560,567,539,630,686,672,861,1071,1470,2205,2702,2674,2646,2030,1988,1652
2021-04-01,급속,1920,1400,1080,920,1280,2200,3920,6720,9160,9720,9080,10680,10520,11080,10640,11600,11200,12400,11440,9120,8880,6240,5720,4600
2021-04-01,완속,546,532,301,84,70,77,210,308,623,707,721,707,882,721,973,1295,1512,2114,2443,2597,2282,1981,2086,1687
2021-04-02,급속,2240,1680,1200,880,1480,2040,3760,7120,9360,9640,12120,11080,14120,12480,11840,13240,13640,13200,12320,11320,8720,6840,5520,4680
2021-04-02,완속,623,609,189,189,63,84,196,364,728,721,728,910,994,896,1078,1365,1554,2450,2569,2569,2226,2044,1995,2065
2021-04-03,급속,2640,1640,1440,1200,1640,1720,3920,6080,7000,8280,8520,8600,9880,9840,9680,9680,9680,9080,7520,6360,5440,4560,3240,3640
2021-04-03,완속,721,693,301,182,91,84,252,322,518,630,686,910,959,1127,1281,1239,1344,1631,1750,1533,1470,1540,1414,1288
2021-04-04,급속,1840,1240,960,680,1040,1040,2200,5120,5440,8120,9160,11480,12480,12200,12920,11880,13760,10920,10200,9720,7120,6720,4640,3160
2021-04-04,완속,539,518,273,98,84,126,175,224,448,798,966,1092,1071,1295,1435,1449,1883,2135,2205,2093,1974,1344,1358,1330
2021-04-05,급속,2200,1240,840,520,1000,2040,3120,6240,8360,10240,9880,11880,12360,11400,11880,13520,11760,13480,12760,11760,8800,6800,6160,4200
2021-04-05,완속,441,427,140,140,77,28,196,294,735,679,665,735,826,833,1008,1197,1813,2100,2758,2891,2800,1960,1855,1827
2021-04-06,급속,2080,1320,1240,720,1280,1600,4400,6280,7840,10040,9960,11120,12400,12240,11680,11680,13080,13080,13440,9400,8920,6560,4760,3960
2021-04-06,완속,483,476,203,140,63,42,126,378,623,672,714,847,763,644,1281,1239,1988,2219,2639,3066,2100,2072,1876,1694
2021-04-07,급속,1760,1360,960,560,1480,1680,4000,6480,8240,10120,9920,11400,11920,12360,11360,11160,13080,12560,11760,10640,8920,6160,5520,3520
2021-04-07,완속,609,602,336,161,77,56,154,343,539,644,819,791,882,917,952,1449,1792,2345,2807,2702,2142,2121,1876,1869
2021-04-08,급속,1960,1920,1480,760,1320,1560,4160,6160,8760,10320,10000,10760,12120,12200,12680,11440,12960,12640,12040,11960,9560,6400,5600,4240
2021-04-08,완속,595,273,266,112,63,63,168,378,686,840,756,756,770,903,1022,1372,1666,2282,2737,2835,2198,2170,2184,2114
2021-04-09,급속,2120,1840,1600,760,1440,1640,3720,7120,8880,10400,10560,12320,12560,12920,12600,12480,13800,13920,12720,11720,10480,7400,5560,4400
2021-04-09,완속,539,308,294,63,70,91,217,364,784,791,847,896,826,917,1106,1491,1603,2415,2807,2744,2114,2086,2114,1960
2021-04-10,급속,2320,1640,1320,800,1760,1880,3680,6000,7840,9760,10720,10960,11760,11960,11040,12160,12480,12280,11200,9520,7560,6240,5040,3440
2021-04-10,완속,602,595,329,315,105,91,210,322,574,735,924,875,1036,1190,1155,1323,1351,1715,1911,2009,1967,1484,1806,1743
2021-04-11,급속,2000,1600,1160,760,1040,1480,3440,5520,7240,7640,9160,9800,10800,12600,11520,11480,12520,11720,10000,9400,7800,6240,4880,3200
2021-04-11,완속,658,637,329,189,112,133,140,322,462,763,770,910,1106,1344,1358,1540,1771,2149,2037,2338,1799,1582,1540,1260
2021-04-12,급속,1600,1160,680,480,760,1520,3200,5920,7800,8360,10120,10360,11280,9720,10000,10840,10680,10240,11120,7840,7240,5280,4480,3160
2021-04-12,완속,462,448,210,77,28,84,182,315,609,658,728,826,840,882,742,1162,1484,2114,2296,2849,1939,1855,1729,1694
2021-04-13,급속,1840,1520,680,360,920,1760,3280,5400,8600,10160,10000,12400,12680,13160,12960,14240,13280,14160,12400,11720,8600,6440,4960,3840
2021-04-13,완속,546,525,455,119,63,49,210,329,749,728,623,959,910,826,1148,1288,1701,2289,2905,2569,2520,2093,1988,1540
2021-04-14,급속,2400,1560,1000,600,1160,2080,3240,5560,8720,9520,10800,11640,12440,12640,12800,13240,13480,13760,12240,10960,9200,6600,6080,4120
2021-04-14,완속,560,553,287,175,49,77,175,406,644,784,728,735,854,798,1162,1400,1785,2408,2765,2681,2401,2380,1918,1890
2021-04-15,급속,1960,1560,1280,600,1320,2040,4000,5920,9200,9120,9800,11320,14120,11800,11920,12040,12120,12920,14440,11720,9320,6880,5320,3760
2021-04-15,완속,539,532,280,259,105,105,161,301,693,707,728,826,777,728,1036,1344,1750,2149,2835,2730,2331,2289,2079,2044
2021-04-16,급속,2240,1600,920,840,1360,2320,3680,6400,8000,9920,10760,11160,12720,12200,11600,13440,13160,12720,12640,9680,9960,6960,5040,3880
2021-04-16,완속,539,532,273,84,70,105,140,413,707,826,833,882,987,896,987,1400,1428,2478,2968,2555,2212,2051,1876,2016
2021-04-17,급속,3080,2120,1480,880,1040,2160,4160,5800,7840,9760,9840,10320,10760,11080,12200,12320,12280,12480,9880,8960,7280,6320,4400,3160
2021-04-17,완속,686,679,336,203,119,112,245,364,525,728,896,868,1085,1309,1127,1414,1456,1757,1904,1883,1841,1505,1484,1456
2021-04-18,급속,2320,1960,1200,680,800,1280,3560,4320,6440,8280,12080,11240,10400,11800,11520,12240,12720,11400,10720,8120,7720,5960,4760,3280
2021-04-18,완속,588,574,287,147,119,77,245,301,469,714,952,1078,1099,1204,1477,1652,1603,2051,2240,2065,2030,1792,1477,1449
2021-04-19,급속,1640,1120,720,600,920,1520,3360,6640,8960,9200,9520,11640,13560,12520,11960,11720,12480,13840,12560,11400,8280,6560,4880,3800
2021-04-19,완속,476,462,210,112,42,84,147,301,714,665,826,938,847,889,1120,1330,1694,2401,2618,2849,2807,1827,1904,1855
2021-04-20,급속,2000,1520,1160,640,1360,1280,4320,6560,7960,8720,11000,9760,14080,11000,11160,11920,12360,11280,12160,10640,7920,5640,5080,3880
2021-04-20,완속,490,483,245,154,28,63,154,357,651,658,644,847,868,777,1036,1449,1631,2212,2975,2646,2576,2282,1792,1505
2021-04-21,급속,2320,1800,720,760,1480,1760,3880,5920,7200,9200,10120,12120,13240,11440,12960,13280,14560,12360,11960,9760,9200,6520,4560,2760
2021-04-21,완속,679,679,637,119,35,84,203,357,588,735,686,889,875,903,1169,1393,1750,2408,2485,2541,2345,2058,2009,1960
2021-04-22,급속,2480,1760,1280,720,1160,1600,4160,7120,7720,10320,9680,11680,13200,11960,12320,12960,13320,12160,13040,10080,9600,6840,5360,4360
2021-04-22,완속,609,609,280,168,77,98,175,301,588,553,756,833,917,854,1099,1421,1876,2492,2856,2464,2268,2212,1869,1470
2021-04-23,급속,2120,1360,1120,560,1000,1560,4000,6000,7760,8440,8800,12560,13440,10720,12600,13840,12120,12440,11040,11120,9240,6240,5720,4880
2021-04-23,완속,616,616,308,147,84,84,154,308,546,798,784,777,868,861,1155,1463,1729,2583,2807,2674,2240,2177,2345,1596
2021-04-24,급속,2440,1880,1200,960,1200,1920,4480,5640,7880,9600,10080,11000,11760,10760,10800,11440,11440,11560,9440,8720,7080,6240,4800,3480
2021-04-24,완속,567,553,308,168,105,154,231,455,539,770,889,987,1022,1085,1162,1169,1547,1624,1806,1897,1694,1743,1750,1694
2021-04-25,급속,2480,1960,1040,880,1040,1520,3760,4000,5760,7960,9920,8200,10000,11080,12120,11560,11440,11480,9680,9280,7480,5440,3720,2880
2021-04-25,완속,623,623,301,133,91,175,217,280,483,784,903,1071,1225,1148,1449,1505,1848,2065,2226,1988,1750,1932,1848,1477
2021-04-26,급속,1280,800,680,360,1240,1520,3920,6360,8000,9640,9600,11400,11680,13520,13240,11920,13240,12880,11720,11160,8320,5760,4200,3000
2021-04-26,완속,378,378,175,161,42,98,196,322,623,651,595,756,798,840,1057,1631,1666,2177,2534,2534,2366,2352,1750,1456
2021-04-27,급속,1920,1240,1120,680,1120,1920,3400,5880,7240,10040,9480,10240,12120,11680,12680,11800,13160,12080,12680,9440,8120,6000,5760,3720
2021-04-27,완속,462,455,217,70,42,49,245,392,588,658,721,840,819,749,910,1463,1757,2121,2709,2723,2065,2016,1911,1855
2021-04-28,급속,1880,1360,1040,760,1160,2080,4200,6160,7680,9720,8720,10680,11320,10640,11960,12840,13400,12800,12840,10800,9120,7280,4960,3480
2021-04-28,완속,546,546,238,133,63,42,217,343,693,707,714,756,742,714,1148,1379,1827,2142,2828,2905,2051,1841,1890,1841
2021-04-29,급속,1960,1440,1120,640,1280,2080,3800,6120,7440,11080,9760,10120,11720,11240,12960,12600,13320,13680,13040,11320,9040,7600,5440,3840
2021-04-29,완속,581,574,343,189,77,91,182,343,679,777,672,700,812,826,1015,1449,1659,2226,2807,2870,2219,2002,1967,2149
2021-04-30,급속,1680,1240,1040,680,1080,1800,3280,5400,8360,9600,10280,11720,12080,13040,12240,12600,14760,13040,12520,11000,8480,7080,5120,4240
2021-04-30,완속,490,469,280,203,98,98,266,329,756,686,728,861,819,840,1071,1330,1729,2345,2800,2569,2226,2079,1981,1925
2021-05-01,급속,3120,2400,1200,1200,1320,1760,4120,4960,7200,9080,9560,11760,12120,11440,12080,11280,12120,10520,9680,8240,8040,5720,3920,3640
2021-05-01,완속,658,658,413,98,133,133,308,420,497,784,812,910,1001,1064,1211,1267,1407,1666,1974,1701,1610,1596,1575,1365
2021-05-02,급속,1840,1280,880,960,1160,1320,3880,5520,7120,8080,10600,11040,12560,12840,12040,11920,11440,12000,11000,10280,7680,6640,5240,3600
2021-05-02,완속,658,658,175,84,84,105,161,301,476,721,784,1127,1001,1302,1148,1491,1708,1946,2219,2044,2100,1778,1519,1484
2021-05-03,급속,1840,1400,1080,520,1080,1800,3200,6280,8120,9000,10720,12000,14040,12720,12800,13640,14480,12680,11960,11520,9360,6800,4960,3440
2021-05-03,완속,336,315,266,168,56,84,203,238,574,679,756,959,840,868,1057,1358,1764,2261,2632,2730,2072,2058,1995,1897
2021-05-04,급속,2280,1560,1240,960,1080,2040,3280,6680,8120,10280,10360,12480,12520,12200,11920,11640,11080,9920,8760,8760,6680,6240,4520,3120
2021-05-04,완속,651,651,280,70,56,133,203,364,749,910,749,798,987,805,1057,1379,1624,1939,2576,2583,2009,2142,2093,2023
2021-05-05,급속,2280,1640,920,680,880,1320,3560,6000,8040,9320,10520,11960,11440,11560,13120,12760,13440,12040,12400,10320,7560,7560,5280,3680
2021-05-05,완속,700,679,329,91,105,126,175,420,665,714,882,980,819,1155,1365,1274,1540,1904,2191,2079,1925,2107,2030,1505
2021-05-06,급속,2920,2080,1120,520,1160,2120,3720,6360,9240,10800,11000,12360,13280,11520,13360,13560,14760,13880,12600,11520,10240,7160,5760,3920
2021-05-06,완속,490,483,252,91,63,91,175,308,686,721,630,945,714,770,994,1190,1855,2317,2688,2688,1848,1799,2002,1757
2021-05-07,급속,2360,1720,1000,640,1480,2320,3960,6720,8560,10360,10440,12120,13880,14320,13360,14800,13440,13320,12240,11360,9320,7680,5760,5040
2021-05-07,완속,574,567,378,182,56,105,189,413,567,756,672,875,896,1092,1078,1386,1883,2450,2618,2604,2331,2121,2205,2009
2021-05-08,급속,2720,1920,1240,1040,1280,2160,4160,6360,8680,9880,10440,10480,11360,13560,12800,11880,12200,11320,9960,9800,7320,6600,4560,3440
2021-05-08,완속,686,686,399,175,133,133,175,322,504,770,882,861,1085,1225,1197,1491,1659,1715,1904,1701,1911,2149,2072,1869
2021-05-09,급속,2280,1680,880,760,1280,1960,4440,5320,6760,7760,9720,9080,11160,10760,11400,12040,12120,10920,9720,9000,7680,6160,4920,3320
2021-05-09,완속,567,553,161,154,42,91,175,322,448,896,1029,980,1099,1113,1449,1603,1820,2058,1995,1953,2219,1806,1505,1484
2021-05-10,급속,2400,1760,880,520,960,1520,3680,5640,7360,10640,9840,11840,11600,12680,12160,12200,13640,12600,12720,10560,8600,6520,4760,3560
2021-05-10,완속,567,546,210,105,77,84,147,364,658,728,903,924,847,882,1043,1344,1876,2163,3038,2527,2079,2037,1995,1974
2021-05-11,급속,2120,1680,1000,880,1200,1720,4080,5640,7120,9520,10640,12040,12440,11680,12320,13000,13480,12040,14120,10760,8600,6120,5520,4120
2021-05-11,완속,532,518,203,126,91,70,196,266,574,763,805,784,868,889,1141,1393,2065,2352,2779,2849,2324,2254,2037,2009
2021-05-12,급속,1960,1400,1400,680,1360,2120,3440,5360,8720,9760,9800,12040,13720,13160,12040,13760,13440,13000,12600,12120,9360,6760,6160,4120
2021-05-12,완속,553,539,287,77,126,91,175,329,567,602,616,875,945,994,1113,1869,1946,2261,2737,2702,2226,2170,1925,1876
2021-05-13,급속,2480,1840,1160,520,1480,2160,4200,6600,9320,9560,10000,11760,12880,11880,13000,13680,14680,14240,13920,11760,10160,6960,5440,3560
2021-05-13,완속,581,581,301,175,63,119,210,287,609,651,763,840,980,1120,1197,1582,1834,2324,2891,2863,2268,2128,2065,2037
2021-05-14,급속,2440,1560,1200,720,1240,2600,4480,6240,9640,11120,11040,13040,14320,12920,13360,14960,14640,13440,12520,11560,10160,7840,6120,4560
2021-05-14,완속,658,644,315,168,91,133,210,287,644,896,952,1057,987,882,1246,1666,1869,2499,2828,2737,2149,2079,2219,2023
2021-05-15,급속,2520,1880,1560,1040,1000,2320,4200,4160,7280,7880,8920,10480,9960,11200,11200,11160,11440,11080,9600,8080,6880,5760,4040,3160
2021-05-15,완속,714,707,217,196,119,98,231,350,553,595,812,1036,1057,1134,1050,1295,1491,1799,2044,1470,1533,1582,1540,1540
2021-05-16,급속,1640,1480,1080,720,880,1040,2640,3480,4640,6800,7960,7000,9880,8920,9760,8480,9200,9680,8240,7080,7280,5520,3680,2960
2021-05-16,완속,588,364,350,182,84,147,154,238,266,770,882,938,1050,1078,1512,1512,1575,1757,1918,1827,1778,1372,1323,1022
2021-05-17,급속,1440,1200,800,480,1160,2240,2960,5520,6960,8280,9600,10800,13000,11960,12800,14040,13400,14040,13080,10360,8280,6320,4920,3320
2021-05-17,완속,371,203,189,154,77,84,133,252,588,735,707,910,798,812,1134,1421,1729,2275,2730,2730,2058,1967,1995,1946
2021-05-18,급속,2680,2200,1160,800,1160,1480,3680,6040,8040,10480,10280,12400,13680,12960,12880,14560,13240,13760,13200,11760,10200,7440,6720,5120
2021-05-18,완속,574,560,357,182,63,84,182,434,777,700,749,994,910,875,1134,1526,2016,2212,2919,2835,2457,2373,2219,2163
2021-05-19,급속,2880,2280,1360,1240,1280,1800,3880,6040,7600,9640,9960,10880,12120,12680,12200,12520,13040,14440,12480,10960,9440,7400,5200,3240
2021-05-19,완속,756,749,483,259,126,154,259,427,595,763,840,812,1092,1190,1197,1575,1827,1876,2219,2156,2352,1785,1750,1708
2021-05-20,급속,1480,1240,800,600,1120,2240,3480,5480,6480,7800,8920,10440,12040,11840,12120,12600,12800,13240,11800,10400,8400,6400,5320,3640
2021-05-20,완속,532,287,287,133,77,119,245,329,595,763,833,805,847,1113,1029,1414,1792,2261,2597,2604,1841,2163,1939,1897
2021-05-21,급속,2320,1800,1240,760,1160,2000,4040,5800,9000,10120,10320,12360,14240,14320,12160,14080,14680,13000,12760,11920,10080,7880,5760,4480
2021-05-21,완속,546,532,231,203,98,105,196,287,756,882,945,945,1092,1155,1218,1365,1904,2401,3122,2933,2443,2030,2345,1799
2021-05-22,급속,3040,2120,1600,960,1640,2280,4160,5800,7640,9160,10720,11160,12880,12800,12840,13240,13520,12600,12520,10040,8240,6440,4360,3680
2021-05-22,완속,889,875,455,273,91,133,287,350,616,882,1022,1036,952,1533,1148,1330,1365,1764,1876,1946,1953,1995,1953,1680
2021-05-23,급속,2280,1440,1000,680,1040,2160,3440,4920,6120,7240,9280,10160,10840,11000,11080,12000,12240,12480,11160,9720,8360,6200,4200,3160
2021-05-23,완속,700,686,315,98,84,126,182,336,511,966,1008,980,959,1372,1498,1764,1897,1995,2030,1904,2184,1764,1715,1540
2021-05-24,급속,2160,1480,800,640,1200,1800,3680,5840,8080,9480,10280,11800,14480,13680,14320,14120,13840,14840,13520,10400,8520,7000,4920,4320
2021-05-24,완속,399,392,147,147,63,56,196,315,707,819,889,952,833,924,1001,1477,1925,2478,2667,2961,2205,2142,2093,1659
2021-05-25,급속,2560,1840,1120,760,1560,2040,4080,4600,6760,8480,10600,10880,12520,12280,12120,12600,14320,14880,13720,12640,8960,7080,4960,3760
2021-05-25,완속,560,553,259,140,84,77,182,308,588,721,749,854,770,917,1113,1050,1743,2233,2856,2863,2800,2282,2072,1834
2021-05-26,급속,2360,1680,1120,720,1360,2400,4480,6120,7960,10360,10080,12640,13240,13400,12840,13320,12920,12520,11240,10240,9440,7240,5520,3280
2021-05-26,완속,546,546,189,189,63,98,203,434,665,721,819,959,770,798,1134,1505,1785,2590,2975,2968,2065,2044,2121,2058
2021-05-27,급속,2160,1600,1080,560,1560,2160,3640,5400,6920,8440,9600,11040,12480,14040,12560,13000,15080,13400,13720,12320,9840,8280,5360,4120
2021-05-27,완속,644,644,238,140,56,42,238,378,644,826,686,924,805,861,1057,1358,1806,2324,3045,2709,2436,2191,2142,1694
2021-05-28,급속,2080,1600,1280,920,1440,2480,4120,5680,9400,9080,9560,12400,13880,12880,13120,13840,14040,14280,13120,12040,10520,7880,6600,4560
2021-05-28,완속,567,560,427,168,56,77,231,280,861,819,1001,791,812,917,1071,1372,1946,2576,2975,2884,2331,2268,2254,2226
2021-05-29,급속,2680,2120,1640,1040,1600,2360,4200,5680,7640,9600,10880,12160,12320,12400,12360,11720,12480,11640,11440,10320,8160,5920,4480,3400
2021-05-29,완속,574,567,273,203,126,133,301,385,490,833,938,924,1253,1386,1344,1330,1603,1883,1939,1967,1827,1981,1757,1540
2021-05-30,급속,1880,1680,1160,920,1120,2040,3880,5360,6520,8640,10080,10560,11200,11320,11760,12200,12120,12480,10200,11160,8160,6920,4880,3160
2021-05-30,완속,644,308,308,224,105,119,203,392,651,924,966,1106,1141,1386,1477,1743,1673,2226,2415,2114,2170,1834,1799,1239
2021-05-31,급속,2200,1600,920,760,1480,1960,4160,5400,8240,9240,8960,10640,13400,10600,11800,12640,12840,12920,13520,11560,9280,8320,5720,3680
2021-05-31,완속,483,469,203,91,28,84,196,280,630,609,616,721,791,714,910,1470,1736,2128,2807,2996,2331,1967,1925,1904
2021-06-01,급속,2480,1920,1040,600,1520,1960,3520,6160,8680,9960,9920,10520,12800,11640,13480,12240,14440,13560,13240,11480,9520,6880,5560,3520
2021-06-01,완속,616,602,287,154,119,77,175,322,651,728,595,679,763,791,938,1421,1862,2233,3087,2765,2457,2359,2191,2142
2021-06-02,급속,3000,2360,760,800,1320,2440,4400,6080,8520,9600,10880,10680,14440,12200,13560,13520,14360,14080,15920,13040,9520,7160,5520,5120
2021-06-02,완속,588,588,539,112,84,98,224,399,700,882,770,959,889,1008,1211,1666,1960,2373,2765,2919,2821,2212,2177,1897
2021-06-03,급속,2440,1600,1080,880,1760,2360,4040,5440,7680,9280,9760,10600,12560,11480,11920,11040,11800,12200,10560,10000,7960,6600,4800,3520
2021-06-03,완속,595,588,238,70,56,112,238,378,609,973,924,882,714,882,1085,1435,1715,2198,2828,2772,2198,2142,2114,2051
2021-06-04,급속,2280,1760,1040,840,1360,2840,4920,7160,9680,11760,11720,13960,15320,14000,14600,14240,15680,14640,13720,13920,12640,9160,6960,5320
2021-06-04,완속,602,595,371,77,63,112,175,455,903,952,910,1015,994,1015,1400,1659,2100,2408,3213,2982,2660,2562,2233,2303
2021-06-05,급속,3400,2680,1720,1360,1360,2880,5160,7640,7640,9400,11560,11800,12200,12920,12360,12320,12560,12080,10360,9240,8160,8080,5240,3800
2021-06-05,완속,763,749,385,273,147,84,308,406,504,854,714,882,1064,1246,1554,1568,1561,1491,2065,1967,1939,1995,2037,2002
2021-06-06,급속,2520,1800,1200,760,1160,1920,4000,5840,7120,8840,10760,10320,11240,12360,12120,13320,12760,11360,12160,10720,9520,8400,5760,3480
2021-06-06,완속,868,868,378,252,105,119,238,399,497,854,931,980,1204,1351,1694,1666,1764,2282,2163,2261,1995,1995,1967,1519
2021-06-07,급속,2000,1440,920,720,1360,2800,3880,5800,8440,9600,11120,12920,12880,12360,13360,12680,14480,13320,14000,11600,9920,6760,5520,3840
2021-06-07,완속,546,532,294,63,63,70,245,357,686,875,812,826,805,931,1155,1526,1834,2275,3087,2751,2086,2016,2317,2247
2021-06-08,급속,2640,1760,560,800,1560,2280,3800,6600,8480,9560,10080,13200,13680,13640,14040,13800,15440,14640,12720,11840,8440,8040,6200,4640
2021-06-08,완속,693,686,623,70,56,154,294,329,742,791,770,805,854,952,1225,1589,1764,2562,2898,2835,2779,2401,2289,2268
2021-06-09,급속,2680,2080,1000,960,1400,2960,4200,6200,9440,10760,11840,12560,15200,12400,13600,14120,14800,15360,14200,12920,9600,6960,6400,5000
2021-06-09,완속,672,665,567,84,84,126,217,343,735,819,875,1085,1001,840,1015,1533,1827,2688,3087,2709,2443,2366,2345,1995
2021-06-10,급속,2760,2000,1520,920,1440,2920,4640,6840,9720,10040,11520,12200,14120,12040,14240,14960,14680,13520,13800,10320,9240,6960,5240,4240
2021-06-10,완속,658,651,364,154,77,189,231,497,847,889,924,1043,861,1050,1267,1687,1981,2338,2786,2597,2618,2191,2233,1876
2021-06-11,급속,3000,2440,1160,1040,1200,2160,3680,6000,7920,10600,10520,13040,14360,12000,12080,13720,14200,13160,13160,11400,10840,7960,5880,5560
2021-06-11,완속,511,511,322,84,77,154,252,420,707,889,987,1015,1015,889,1155,1589,2072,2541,2982,2758,2324,2205,2471,2149
2021-06-12,급속,2920,2400,1280,1160,1640,3000,4680,6040,8480,7480,10760,11600,12680,11760,13040,13760,12440,11520,10040,9320,8120,7160,5480,3920
2021-06-12,완속,707,693,371,259,154,189,364,378,616,910,840,952,1267,1232,1337,1484,1659,1792,1911,1855,1946,2289,1911,1841
2021-06-13,급속,2560,2120,1280,1000,1360,2320,4120,6240,7200,7760,10080,10160,11960,10880,11920,12720,11480,11960,11680,11360,9120,7240,6000,3920
2021-06-13,완속,861,833,392,266,105,168,266,399,546,819,1127,1162,1407,1295,1694,1659,2114,2275,2107,2387,2219,2030,1862,1785
2021-06-14,급속,2520,1920,1120,720,1440,2040,4120,5720,9400,10560,10640,12000,12720,12600,12280,14680,15200,13960,13040,12080,9120,7440,5640,4200
2021-06-14,완속,546,518,301,70,49,140,224,329,602,854,910,1092,980,889,1141,1526,1778,2471,2947,2898,2296,2107,2310,2261
2021-06-15,급속,2600,1880,1240,840,1760,2160,4840,5920,8520,8520,10960,10680,12840,11880,13160,12320,12040,12280,11680,9320,8200,6120,5080,4440
2021-06-15,완속,630,595,301,126,84,112,210,329,679,763,630,966,980,1008,1008,1372,1526,2597,2772,2492,2030,2254,2058,1925
2021-06-16,급속,1920,1680,1040,760,1360,2480,4440,6680,8400,9040,11280,11560,12640,12320,13240,13520,15840,14280,14280,12840,10040,7560,5800,4400
2021-06-16,완속,644,644,280,126,77,133,280,322,700,749,861,1064,966,1155,1323,1652,2016,2786,2877,3052,2380,2086,2219,2177
2021-06-17,급속,2560,1840,1320,1120,1480,2680,5760,6680,8400,10480,10640,12840,13320,12480,14120,11920,13200,12600,13680,11640,9160,7040,6600,4840
2021-06-17,완속,658,644,266,182,77,168,238,420,749,833,875,931,756,973,1029,1561,1883,2051,2821,2926,2338,2177,2128,1960
2021-06-18,급속,2840,2160,1400,960,1640,2760,4560,5960,8880,11040,11760,12840,15480,13480,14040,12680,14720,12560,14320,12440,10720,7960,6600,5200
2021-06-18,완속,644,637,280,266,140,182,259,455,707,833,910,1190,1148,987,1169,1561,1925,2198,3010,2800,2254,2191,2471,2387
2021-06-19,급속,3320,2560,1680,1440,1760,2600,4920,6880,9320,9040,11360,11160,13560,12760,12400,14000,13560,13480,12640,10880,8080,7200,5880,4520
2021-06-19,완속,959,882,539,203,119,189,357,462,525,686,959,1148,1267,1498,1267,1750,1631,1855,1967,1953,2142,2219,2240,1939
2021-06-20,급속,2720,1840,1240,880,1680,2080,4440,5520,7280,8640,10360,11280,13200,11720,12680,13360,14120,12240,11640,10640,8960,8320,6840,4960
2021-06-20,완속,868,847,448,238,105,182,385,525,686,770,1148,1127,1253,1568,1568,1687,1890,1981,2408,2198,2310,2212,1617,1568
2021-06-21,급속,2160,1680,1200,760,1680,2600,4400,6320,8720,9480,11480,13640,13160,13240,13360,14000,16480,14960,13480,12560,10720,7520,6480,4480
2021-06-21,완속,469,196,189,231,91,112,238,469,609,735,812,805,1043,854,994,1449,2044,2450,3017,2856,2569,2485,2296,2226
2021-06-22,급속,2560,1760,640,920,1560,2920,4520,6080,9720,10320,10520,11160,14760,11840,13000,12920,14720,12760,13040,13160,10920,7960,6160,4240
2021-06-22,완속,735,714,665,147,112,112,210,490,742,819,847,994,812,952,1078,1526,1813,2415,2835,2793,2303,2296,2296,2254
2021-06-23,급속,2240,2000,1680,1160,1800,3160,4360,6600,10480,9960,10240,13160,13440,12520,11760,13040,13720,13240,12360,11800,8600,8720,6120,4400
2021-06-23,완속,567,273,266,98,77,112,196,469,665,651,875,819,1029,847,1071,1330,1778,2240,2793,3178,3059,1946,2415,2394
2021-06-24,급속,2520,1680,1360,960,1600,3080,5000,6840,9160,10200,10320,12400,14000,12840,14240,15040,14200,14120,13400,14160,10920,8400,6800,5280
2021-06-24,완속,567,567,308,231,70,126,266,483,798,735,777,763,889,910,1120,1407,1974,2345,3010,2856,2408,2072,2499,2366
2021-06-25,급속,3000,1960,1320,1240,1720,2880,5280,6640,9720,11440,12360,13240,15880,12840,14360,14880,17160,16000,14200,13320,11520,9600,7360,5840
2021-06-25,완속,630,623,420,203,105,203,371,546,889,868,896,945,1050,1106,1365,1631,1953,2506,2926,3031,2331,2485,2548,2450
2021-06-26,급속,2960,2440,1520,1240,1320,2440,4720,6720,7920,9960,9920,12160,12960,12760,13360,12520,14320,13000,12200,10080,9440,7280,5480,4200
2021-06-26,완속,980,959,462,189,161,168,238,441,511,805,868,1071,1176,1533,1330,1386,1540,1974,2114,1848,2002,2107,2142,1995
2021-06-27,급속,2480,1800,1360,1120,1320,1840,4000,5880,8800,8920,10080,10280,11920,12640,12720,12120,13520,13480,11960,11320,9120,7400,6080,4360
2021-06-27,완속,805,791,224,224,161,196,364,399,721,931,1155,1134,1484,1561,1617,1743,1750,2373,2233,2506,2282,1967,1666,1624
2021-06-28,급속,2200,1480,1040,920,880,2320,3640,6400,9160,10680,11440,13080,14840,13800,12400,13960,15240,14240,15720,12520,10440,7960,6000,5040
2021-06-28,완속,553,546,133,84,140,119,189,420,707,714,798,805,973,875,1036,1470,1799,2457,2933,2905,2289,2198,2149,1722
2021-06-29,급속,2840,2120,1320,800,1760,2880,5200,6880,8560,11720,9960,12520,13280,13960,12520,13680,13760,14160,13920,13160,9400,7560,6040,4800
2021-06-29,완속,630,616,266,105,105,161,266,399,868,742,707,735,826,840,1050,1246,1925,2555,2933,2800,2716,2492,2499,2072
2021-06-30,급속,3640,2520,1400,880,2120,3480,5160,6480,9560,10560,10720,11640,14200,11280,13120,14320,14800,14640,14480,13160,11960,8480,6560,4720
2021-06-30,완속,749,742,329,119,63,140,287,469,672,791,714,742,875,875,1106,1386,1876,2478,3206,2968,2436,2366,2520,2422
2021-07-01,급속,3280,2240,1520,1000,1840,3040,5480,6840,10360,10880,11480,12400,15120,14200,14160,15560,16120,13840,14880,14360,11800,9040,7080,5720
2021-07-01,완속,721,707,315,84,105,175,329,511,889,749,861,1001,910,966,1127,1617,1848,2611,3136,2891,2233,2394,2457,2016
2021-07-02,급속,2640,1840,1560,1200,1600,3480,5000,6840,11080,12040,12000,14080,15640,14720,15360,15520,16320,16200,15200,13680,12000,9560,7000,6040
2021-07-02,완속,658,616,343,210,105,161,357,518,917,959,1092,1015,931,1155,1610,1575,2100,2632,2989,2877,2674,2464,2240,2310
2021-07-03,급속,3680,2880,1960,1320,1960,3200,4960,6560,8400,10720,11520,11280,12640,12080,12560,11360,11440,9840,7880,7520,5920,5040,3800,3080
2021-07-03,완속,924,910,497,161,182,266,266,462,630,875,994,1008,1274,1400,1316,1449,1351,1729,2212,1841,1792,1729,1743,1561
2021-07-04,급속,1720,1400,800,1000,1000,1320,3440,5120,6200,7960,10120,10680,12040,13880,13240,13640,14200,12600,11080,10080,8800,8200,5280,3280
2021-07-04,완속,574,560,329,203,126,147,266,385,770,868,1239,1197,1267,1428,1750,1834,1981,2310,2275,2086,1890,1617,1568,1449
2021-07-05,급속,2160,1640,840,840,1240,2360,5120,7000,9080,11400,11400,11280,14320,12960,12760,13240,15080,13200,14040,12960,8520,7400,5560,4280
2021-07-05,완속,308,294,147,77,42,91,287,427,658,770,770,854,931,868,1015,1414,1799,2499,2737,2835,2737,2100,2135,1778
2021-07-06,급속,2360,2000,1320,800,1240,2720,3480,4960,7360,9520,11440,11880,12680,12280,12520,13440,14400,13160,14520,13240,10640,8120,5440,4160
2021-07-06,완속,602,602,266,182,91,126,238,490,798,973,742,882,819,812,1281,1379,1792,2415,3073,2737,2037,2044,1995,1568
2021-07-07,급속,2760,1880,1400,1120,1280,2920,4400,5440,8720,10880,11440,12480,13920,13520,14200,13960,14000,13920,14400,12400,9880,7880,6040,4920
2021-07-07,완속,574,560,168,112,126,126,217,469,798,994,896,994,833,854,1232,1456,1624,2359,2933,2618,1981,1960,1274,1134
2021-07-08,급속,2720,1720,1040,840,1320,2920,4480,6520,9600,11960,12960,14160,15320,13920,13240,15120,16440,15320,14160,13000,11440,8120,6720,5000
2021-07-08,완속,462,434,126,126,105,98,252,378,735,910,819,1029,819,1057,1106,1547,1939,2716,3262,2989,2240,2233,2415,2352
2021-07-09,급속,3160,2520,1200,840,1480,3280,4320,7240,10160,12280,12360,13200,14960,14640,14480,14720,15240,15440,15520,13240,11160,8120,6840,5720
2021-07-09,완속,721,679,378,147,98,119,210,490,952,924,938,868,910,994,1330,1568,1743,2562,2926,3024,2625,2275,2450,2548
2021-07-10,급속,2880,2400,1920,1360,1520,2520,5640,7520,8560,10840,11000,13600,13760,13520,14000,12920,13920,12600,11760,10800,8360,7760,5800,4960
2021-07-10,완속,945,924,511,189,126,168,378,399,805,833,931,1036,1351,1449,1505,1589,1603,1736,2100,1925,1799,1834,1911,1862
2021-07-11,급속,2880,2000,1680,1080,1160,2400,4440,5840,7640,8320,10560,12120,12320,11680,12240,12960,14520,12680,12000,11480,8960,8400,5760,4000
2021-07-11,완속,854,833,462,266,119,147,406,462,623,924,1218,1246,1330,1484,1589,1771,2002,2380,2135,2345,2051,1932,1883,1757
2021-07-12,급속,1960,1720,1240,680,1640,2600,4440,6680,9120,11240,12280,13480,14240,13480,15640,16240,17240,16360,17120,14760,11520,8280,6520,5200
2021-07-12,완속,420,259,252,63,91,98,210,434,721,861,784,896,924,1078,1302,1638,2079,2499,3304,2968,2191,2226,1981,1918
2021-07-13,급속,2600,1840,1040,760,1360,3040,4520,7160,9840,12440,11520,13840,16560,14240,15920,15600,17520,16840,15920,14160,10320,9200,6920,4880
2021-07-13,완속,714,693,252,147,126,182,280,462,714,889,1008,903,1001,1127,1386,1610,2044,2499,3171,2884,2506,2352,2373,2296
2021-07-14,급속,2720,1920,1360,840,1680,4080,5360,7120,10120,13000,13200,13120,14880,14960,15600,14840,15440,16920,14920,15000,11680,8960,7560,5160
2021-07-14,완속,567,567,266,91,84,161,287,490,826,763,854,924,1022,1148,1043,1568,1974,2604,3521,3129,2499,2268,2359,2310
2021-07-15,급속,2600,1840,1520,1080,1640,4040,5440,8320,10440,12640,12360,14440,14400,15480,15200,14880,16040,15320,16240,14880,12760,9960,7200,5760
2021-07-15,완속,616,602,259,63,133,140,301,518,707,812,903,987,875,1022,1071,1939,1904,2639,3381,3094,2618,2387,2380,1967
2021-07-16,급속,2880,2040,1840,1200,1400,3120,6200,8760,11880,11920,12480,13680,17080,15280,16600,14320,16160,17080,14440,12840,11400,9440,6920,6400
2021-07-16,완속,700,693,203,154,56,231,308,602,896,910,896,1078,973,1071,1344,1701,2163,2646,3248,2870,2583,2296,2387,2156
2021-07-17,급속,3720,2800,1760,1400,1840,3640,5960,8560,10760,11000,12680,13560,13240,12720,14400,15040,13720,14880,12560,10560,9280,7800,6040,4880
2021-07-17,완속,693,686,329,91,112,196,455,595,777,1155,1141,1043,1267,1393,1379,1736,1736,1960,2079,1960,1792,1925,2044,1953
2021-07-18,급속,2440,1920,1280,1120,1480,2880,4400,6160,7640,9040,10680,11240,12080,12320,13080,13160,14680,13480,11440,10720,8320,8480,6240,4240
2021-07-18,완속,721,714,273,259,112,210,448,413,686,903,1309,1246,1407,1421,1547,1974,2009,2177,2247,2219,2247,2037,1547,1519
2021-07-19,급속,2080,1760,1360,920,2080,2920,5560,7600,10120,11160,13280,14120,15760,15000,14120,15280,15480,16240,14680,13800,10280,8200,6880,4920
2021-07-19,완속,546,294,280,84,98,119,294,434,595,749,994,1183,1001,973,1176,1463,1974,2576,2968,2933,2331,2240,2114,2086
2021-07-20,급속,2680,2240,1600,640,1760,2920,6400,6440,10200,11800,12480,12920,15880,14880,14880,15160,15840,16080,16480,12720,12240,8920,6720,5080
2021-07-20,완속,644,637,294,140,105,154,315,525,665,798,973,1106,1001,1148,1218,1729,2121,2660,3402,2954,2422,2331,2205,2051
2021-07-21,급속,3040,2080,1120,1120,1720,2960,5840,8160,9280,10320,13400,13640,14840,14160,14040,15920,18080,16280,15080,13920,13280,9480,7600,5640
2021-07-21,완속,616,609,399,77,84,147,322,371,770,777,868,1113,1050,910,1302,1645,2072,2583,3213,3367,2576,2534,2331,2072
2021-07-22,급속,3520,2400,880,1280,1400,4240,6480,8800,10080,11760,12480,14400,15160,14240,14160,16600,16400,17440,16920,13800,13040,9440,7040,5120
2021-07-22,완속,749,735,707,126,35,175,413,483,623,910,791,1225,1015,1001,1302,1946,2254,2527,3339,3290,2471,2296,2205,2170
2021-07-23,급속,3120,2560,1320,880,1800,2920,6520,8120,11480,11800,12520,14080,16160,14200,15400,15360,17000,16480,17040,14560,13360,9280,8120,6480
2021-07-23,완속,728,721,343,168,105,217,343,539,784,1022,1155,1113,1260,1085,1365,1771,2051,2786,3087,3213,2730,2422,2653,2205
2021-07-24,급속,3200,2600,1440,1080,1680,3400,6560,7680,10840,10560,12720,14920,14920,14960,12560,13080,14160,12960,12920,11600,10040,8760,6480,5480
2021-07-24,완속,896,868,399,189,77,175,385,581,805,882,1092,1120,1365,1477,1561,1519,1631,1988,2184,2177,2016,2142,2289,1834
2021-07-25,급속,2640,1600,1360,880,1720,2520,5080,6520,8640,8840,10760,12520,13440,12320,11520,13080,13480,11680,11600,13040,9760,7520,6960,4760
2021-07-25,완속,672,672,329,259,168,210,420,539,833,1036,1183,1309,1484,1470,1750,1624,1869,2198,2387,2401,2310,1918,1932,1855
2021-07-26,급속,1800,1360,1040,760,1680,3000,5120,7400,9360,10040,11000,15000,14400,14360,15320,15400,17840,14680,14840,15040,11400,8400,7240,5560
2021-07-26,완속,581,560,203,77,35,91,210,371,609,784,917,1050,980,854,1204,1414,2107,2247,3010,2968,2380,2058,2233,1918
2021-07-27,급속,2880,2120,1600,1280,1680,3600,5880,7440,9840,10200,11080,13440,15320,13840,15560,14600,16760,16960,15640,15080,11800,8840,7840,5040
2021-07-27,완속,567,553,252,154,98,175,224,532,770,756,714,868,917,1099,1232,1652,2233,2415,3129,3262,2513,2324,2163,2086
2021-07-28,급속,2640,2320,1320,920,1960,2880,6040,8240,9840,13240,11880,12000,14200,13120,14440,15360,15280,16920,14840,14200,11920,9680,7080,4880
2021-07-28,완속,658,651,287,203,98,182,280,518,651,742,868,1022,1043,1071,1141,1575,2079,2730,2996,3360,2436,2331,2289,2205
2021-07-29,급속,3080,2360,1600,1160,2160,3880,6520,8760,9840,11920,11520,15200,15720,15080,14800,14880,17080,15800,15800,14640,11080,9440,7400,5960
2021-07-29,완속,588,588,245,70,119,189,280,539,742,910,1071,1022,924,1120,1232,1568,1813,2604,3339,3276,2583,2226,2240,2107
2021-07-30,급속,3240,2640,1640,1000,2120,4280,6920,8760,10960,12080,13200,13600,16400,15200,15600,16600,17000,16360,16360,14560,13640,9960,7640,5840
2021-07-30,완속,749,749,322,112,98,182,294,518,735,833,1106,1113,1043,1001,1071,1554,2030,2576,3283,2926,2632,2254,2492,2205
2021-07-31,급속,3760,2960,1840,1240,2280,3640,5560,8840,10000,11080,12240,12840,14280,14640,14360,13560,14440,12920,12440,10800,8600,7320,5720,5760
2021-07-31,완속,847,826,462,287,133,189,371,497,609,1085,1092,1015,1295,1218,1316,1449,1827,1897,2247,2079,1813,1652,2289,1988
2021-08-01,급속,2320,1600,640,1080,2000,3520,5320,6320,8280,9480,11440,10960,12080,12640,13040,14480,12880,12960,11720,10920,8880,7760,5640,4000
2021-08-01,완속,805,798,735,84,91,77,385,476,840,1064,1043,1267,1330,1603,1407,1680,1708,2107,2142,2058,1960,1785,1736,1358
2021-08-02,급속,2320,1720,1000,880,1320,2600,6120,8760,9840,11480,10640,12560,15440,12160,13920,15000,16360,14080,14240,11200,10360,8120,6520,5680
2021-08-02,완속,560,553,84,70,91,126,252,455,749,707,840,952,973,1050,1015,1344,1925,2345,2737,2891,2310,2037,2044,1820
2021-08-03,급속,2640,1920,1360,1320,2000,2360,5480,7640,10280,11440,12480,14200,14240,14600,14800,15600,14320,15680,16960,12800,11800,9520,6760,5120
2021-08-03,완속,644,630,294,91,133,112,315,448,756,833,1036,1225,1218,1169,1351,1554,2065,2583,3101,2975,2415,2128,2093,1988
2021-08-04,급속,2920,2280,1440,1240,1680,2960,6000,9280,10680,9880,12680,13200,14240,14120,15280,16480,17080,16120,17160,15920,11520,8480,6920,5640
2021-08-04,완속,672,672,217,161,112,140,406,623,672,833,952,994,1288,1092,1099,1722,1904,2884,3115,2842,2191,2051,2261,2191
2021-08-05,급속,3200,2240,1320,1000,1680,3040,5960,8320,10880,11920,13480,16640,16240,16000,14920,14640,16720,14880,16400,15800,11480,8880,7240,6560
2021-08-05,완속,763,763,322,161,91,182,350,581,679,931,1057,1218,1092,1176,1295,1722,2212,2604,3388,3143,3010,2275,2184,1974
2021-08-06,급속,2840,2040,1240,1040,2240,3960,7000,9120,10640,11720,13320,16240,17440,14400,15000,15440,15040,16720,14240,14760,12320,8800,7000,7080
2021-08-06,완속,616,616,266,119,161,133,315,511,854,826,1050,1071,1351,1295,1099,1736,1813,2590,3143,2933,2625,2303,2345,2226
2021-08-07,급속,3560,2960,1680,1200,2000,3360,6480,9320,9520,10600,12160,14160,14320,13560,13080,14600,13280,13000,12280,11400,9280,7280,6280,4760
2021-08-07,완속,826,805,217,217,161,217,413,539,749,882,1022,1092,1239,1295,1421,1463,1589,1806,2205,2044,1911,1974,2002,1890
2021-08-08,급속,3480,2560,1000,840,1800,2200,5320,7160,8120,8040,11200,10440,10960,12320,11160,11640,12400,10920,10920,9680,8480,6360,5000,4360
2021-08-08,완속,763,756,413,203,147,147,413,469,770,994,1190,1029,1533,1505,1547,1659,1967,2177,2401,2023,1960,1729,1414,1365
2021-08-09,급속,1880,1200,760,1120,1560,2080,4680,7320,9080,10480,12360,15000,14280,14160,14040,14360,16680,14760,14960,13160,10920,9560,6720,5000
2021-08-09,완속,336,336,140,77,63,84,238,385,721,756,763,1036,931,1064,1176,1638,1862,2499,3087,3430,2415,2037,2002,1932
2021-08-10,급속,2040,1680,1320,1040,2080,3480,4720,8320,9920,10880,10280,13560,14400,14440,13840,14480,15320,15000,14800,12600,11240,7520,6280,4960
2021-08-10,완속,595,574,245,112,63,147,336,476,560,672,784,1008,1015,826,1134,1442,2142,2415,3157,3010,2779,2695,2226,1932
2021-08-11,급속,2600,1640,1440,1240,1640,3400,5160,8120,10240,11040,10840,14120,14840,14320,15760,15120,16880,14760,15080,13360,11600,8200,6600,5120
2021-08-11,완속,770,749,224,112,56,196,259,399,588,763,847,1211,1127,1225,1183,1610,1974,2380,3304,3101,2695,2604,2345,2121
2021-08-12,급속,2800,2120,1200,920,2000,3120,5320,7880,10320,12120,11840,13120,15040,14680,13840,14640,16160,14640,15080,13560,11360,7960,7160,5840
2021-08-12,완속,749,735,280,119,112,105,469,385,714,791,1036,1218,1078,1029,1148,1519,1995,2583,3199,3038,2380,2345,2303,2170
2021-08-13,급속,3040,2080,1280,1120,1760,3000,6360,8080,10280,12000,11040,13120,16400,14240,15240,15320,17040,15520,15040,13680,11000,8360,8000,6000
2021-08-13,완속,679,665,315,112,126,154,259,448,826,854,910,1218,1162,1113,1232,1617,1757,2506,3094,2800,2499,2366,2485,2464
2021-08-14,급속,3920,2760,1480,1000,2040,2240,4240,7360,8560,9040,10640,12240,14320,13400,13800,12800,13920,13440,10840,10080,8800,6760,5080,4560
2021-08-14,완속,882,875,336,196,126,126,371,420,616,826,924,1050,1141,1246,1302,1456,1498,1932,2030,2170,2065,2051,2219,2058
2021-08-15,급속,2480,1720,1080,1000,1480,2080,4520,6720,8000,9720,11960,12160,12040,12160,12920,12120,12880,12680,12040,10440,8960,7600,5760,4080
2021-08-15,완속,679,672,378,224,112,140,336,490,728,1085,1064,1001,1344,1379,1449,1806,1729,1841,2338,2114,2079,1799,2093,2065
2021-08-16,급속,3200,2320,1480,920,1560,2320,4880,7520,7720,10040,11440,11600,12720,12040,12880,13200,15160,13640,12000,13200,9640,7640,5560,4000
2021-08-16,완속,644,623,371,119,84,105,343,455,602,861,910,980,1337,1127,1358,1498,1883,2401,2520,2317,2233,1981,1911,1855
2021-08-17,급속,2120,1480,1240,680,1760,2280,5480,7240,8760,9960,12560,12640,14240,12840,13600,14760,14840,15000,14160,12040,9160,8120,6120,4560
2021-08-17,완속,567,560,224,91,63,98,266,497,707,665,994,1078,1071,966,1092,1435,1918,2499,3115,2870,2338,2030,1981,1897
2021-08-18,급속,2840,2000,1120,960,2200,2720,4720,6960,8080,10240,11000,12680,15880,13040,12720,13560,14520,14240,14440,13720,9720,8920,6280,4760
2021-08-18,완속,609,609,266,105,77,112,329,413,658,749,903,1064,1001,756,1008,1575,1918,2527,3031,2926,2534,2044,2254,2219
2021-08-19,급속,2560,2120,1000,1120,1840,3240,5960,6800,10120,10400,11880,12000,14640,13120,14680,15200,14840,14600,15320,13240,10720,7720,6680,5400
2021-08-19,완속,623,609,217,112,119,154,350,476,728,798,798,952,931,924,1176,1456,1834,2723,3115,2947,2471,2394,2058,1946
2021-08-20,급속,2600,1880,1360,1000,1680,3240,5400,8520,10720,11600,13680,13200,15480,13560,15600,15080,16600,14760,16160,13360,10720,8840,7120,5120
2021-08-20,완속,644,616,301,175,126,119,294,588,749,966,896,1008,980,1127,1365,1715,1918,2625,3346,2751,2611,2156,2387,2352
2021-08-21,급속,3200,2440,1480,1080,1840,2680,5160,5880,7200,7240,9520,10040,11000,11120,10840,11640,12440,10960,10480,8480,6600,5680,4120,3520
2021-08-21,완속,868,833,399,133,126,133,336,392,595,756,1001,903,1092,1183,1155,1435,1596,1876,2009,1967,1757,1792,1974,1715
2021-08-22,급속,2560,1760,1200,1120,1280,2320,4360,6280,8640,8760,11200,11240,12840,13080,13240,12920,12720,12000,11480,10360,8320,8120,5640,3520
2021-08-22,완속,574,567,392,154,112,133,357,476,665,1008,1071,1036,1162,1323,1722,1701,2044,2282,2548,2254,2107,1827,1750,1323
2021-08-23,급속,2320,1640,960,680,1200,2120,5040,6720,8040,10040,12120,12280,13240,11680,12920,13400,13120,13680,11760,9640,8640,6360,4960,4080
2021-08-23,완속,525,511,245,56,63,70,231,406,637,756,896,819,1015,861,1015,1442,1792,2058,2982,2758,2408,1799,1918,1743
2021-08-24,급속,2040,1640,920,960,1360,2800,4560,7120,7880,9200,11280,13040,13400,12640,14000,14960,14640,13560,14400,12240,9080,7440,5440,5840
2021-08-24,완속,616,616,273,70,70,98,252,434,665,847,931,889,959,973,1036,1428,2065,2618,2877,3136,3101,2163,2212,1778
2021-08-25,급속,2480,1760,1080,1040,1960,2600,4640,7920,9160,10680,11960,12560,14880,12000,13360,13400,14280,13840,13680,12560,10120,8200,6800,4800
2021-08-25,완속,644,644,252,77,70,154,231,413,735,791,770,980,903,938,1099,1456,2037,2618,3283,3199,2590,2107,2205,2051
2021-08-26,급속,2800,1920,680,840,1680,2560,4840,7800,10840,11440,11040,13920,16200,14360,15160,15160,17280,15680,15120,14360,10520,8720,6320,5960
2021-08-26,완속,651,630,588,147,98,56,343,518,756,868,952,931,952,959,1190,1603,1932,2604,3206,3248,3129,2065,2352,2289
2021-08-27,급속,2840,2280,1200,1000,2040,3360,5600,7880,10720,11120,10520,13160,13840,13000,13520,14560,16920,14160,13600,14840,11400,7960,7200,6000
2021-08-27,완속,567,560,266,56,105,140,238,455,756,889,791,1071,882,959,1239,1428,1953,2667,3311,2968,2569,2464,2373,2303
2021-08-28,급속,3080,2240,1440,1440,1960,2720,5360,7720,8640,11000,11640,12360,15000,14280,15400,14920,14400,12840,12440,11640,8800,6520,5920,5120
2021-08-28,완속,714,700,455,175,126,154,350,497,560,812,819,987,1246,1344,1428,1484,1806,1841,2268,2121,1890,2254,2037,1960
2021-08-29,급속,3000,1920,960,1200,1240,2160,4720,5760,8000,8640,11040,10840,13080,12200,13200,14840,13800,13280,11080,9840,9360,8160,5680,4080
2021-08-29,완속,679,679,441,203,91,77,301,434,651,896,1120,1337,1365,1400,1708,1799,1925,2289,2408,2457,2107,1855,1554,1533
2021-08-30,급속,2200,1480,840,840,1640,2680,4760,7200,10040,9720,11160,12840,14880,14280,14160,15520,16200,14600,14080,13840,9920,8560,6560,4960
2021-08-30,완속,518,497,154,119,84,63,238,413,805,700,784,749,959,1022,1078,1477,1988,2674,2863,2954,2632,2268,1967,1946
2021-08-31,급속,2560,2000,1240,840,1720,3040,5520,6520,8680,9760,11560,12560,14400,13720,11160,13360,13400,13840,13560,12200,9720,7720,5080,4640
2021-08-31,완속,623,616,189,154,63,112,322,504,672,840,805,728,966,756,924,1582,1834,2597,2786,3101,2548,2086,2191,1848
2021-09-01,급속,2560,2120,1160,720,1760,2760,5080,7440,8800,10640,12080,12160,14280,14120,15560,14400,16840,16120,14360,12440,10200,7560,6560,4600
2021-09-01,완속,644,616,273,140,91,140,357,399,777,882,1057,938,959,973,1043,1428,1694,2737,3255,3143,2366,1981,2163,2114
2021-09-02,급속,1880,1480,1120,1000,1960,2760,4960,8280,10920,10240,12320,12440,15680,15040,16200,13520,13880,14720,15000,12840,11240,7640,6800,4880
2021-09-02,완속,658,630,287,147,91,98,350,392,994,917,882,868,1274,1015,1267,1624,1974,2814,3157,2912,2485,2415,2086,1932
2021-09-03,급속,3160,1960,1280,1320,1720,3120,5400,6800,9000,12480,12920,14200,15520,13920,15440,15720,17000,15720,16120,14360,10560,8000,7840,6960
2021-09-03,완속,651,644,322,91,105,140,280,476,896,819,1120,1050,1064,1127,1414,1708,2030,2681,3199,3360,2779,2632,2436,2261
2021-09-04,급속,3880,2720,1960,1240,1920,2320,6120,7320,8680,12000,11360,15160,14320,13800,13800,14760,14680,13360,12480,11160,9000,7320,6320,4640
2021-09-04,완속,784,777,343,238,112,168,266,420,735,868,1092,938,1253,1337,1449,1477,1638,2044,2289,2324,1904,2303,2240,2051
2021-09-05,급속,2600,1720,1520,880,1120,2320,4760,5880,7240,9520,10960,12760,11320,13440,13280,14320,13400,12800,12280,9520,8040,7040,5760,3720
2021-09-05,완속,868,854,392,133,140,147,294,476,693,973,1225,1225,1428,1351,1617,1988,2191,2667,2548,2597,2212,1918,1645,1617
2021-09-06,급속,2720,1840,1000,880,1360,2520,4360,5920,9960,10240,12120,13080,14080,13720,13400,14360,14240,13520,14800,11480,8720,6960,5680,4240
2021-09-06,완속,539,539,231,42,63,70,182,420,812,882,875,1120,1029,987,1386,1610,1946,2534,2905,2905,2653,2170,1841,1813
2021-09-07,급속,2240,1720,960,600,1600,2400,4320,6640,8560,11200,10960,13720,13520,12880,13040,14520,15760,14880,13840,11600,7760,7360,6160,4280
2021-09-07,완속,553,546,119,119,35,98,245,420,798,686,868,959,1008,819,1120,1540,1967,2702,3101,2954,2849,2345,2191,2156
2021-09-08,급속,2560,1960,1280,880,1880,3040,5280,7280,10200,12200,11040,13520,15760,14960,14320,15640,15760,15240,15400,13840,11360,8680,6480,5200
2021-09-08,완속,588,588,245,91,91,175,217,427,791,987,896,1043,1176,1036,1456,1603,1925,2681,3164,3437,2919,2387,2184,2037
2021-09-09,급속,3320,2520,1080,960,2040,2720,5640,7600,9680,11960,11800,14720,15880,14440,16440,14840,16320,15800,14680,14880,11640,8160,6520,4800
2021-09-09,완속,742,707,336,147,98,147,266,448,854,1001,861,1064,966,1092,1267,1673,2226,2667,3304,3332,2569,2506,2212,2156
2021-09-10,급속,3080,2080,1240,1160,2000,2800,5960,7600,10640,12720,12000,12320,16600,14600,15200,17160,16880,17040,15880,14320,11920,9880,8160,6400
2021-09-10,완속,700,672,336,140,84,119,245,448,952,987,861,903,1099,1463,1246,1512,1967,2695,3262,3388,2800,2401,2828,2051
2021-09-11,급속,3600,2560,1760,1160,2280,3240,6120,8920,10280,11960,13480,14120,13120,14800,14680,14360,15440,13960,14400,9920,9200,7640,6960,4840
2021-09-11,완속,1050,1036,469,245,98,105,217,462,798,952,1036,1029,1323,1330,1547,1652,1778,2086,2394,2450,2310,2261,2177,1939
2021-09-12,급속,3200,2480,1080,1120,1400,2440,5360,6400,8240,11040,10160,12520,12880,12880,14480,14640,14880,13400,13880,11760,9360,7680,5360,3760
2021-09-12,완속,763,749,399,119,70,77,392,504,658,1043,1127,1246,1379,1666,1743,2016,2002,2597,2737,2632,2366,2240,2191,1701
2021-09-13,급속,2160,1560,600,600,1800,2200,5320,6840,9640,11600,11000,13440,15520,15160,14040,15320,15200,16160,16040,12560,12520,8400,6680,4920
2021-09-13,완속,567,553,532,175,70,56,168,539,847,924,924,910,966,952,1253,1498,1897,2667,3255,3346,2632,2597,2149,2100
2021-09-14,급속,2840,2080,1280,880,1800,2560,4720,6240,8400,12040,12960,13680,15440,15000,12640,15640,15400,15840,15720,13480,11080,8840,6880,4600
2021-09-14,완속,707,679,245,175,77,112,245,364,784,756,987,1057,1232,1043,1064,1701,1876,2611,3283,3171,2611,2212,2415,2373
2021-09-15,급속,2800,2080,1200,1000,1720,2320,5560,8600,9600,10640,11960,12920,16360,14000,15560,15440,15440,16720,15200,14760,12880,9920,7880,5800
2021-09-15,완속,861,854,203,77,126,133,294,441,903,742,833,1155,903,1036,1274,1750,1967,2520,3458,3395,3059,2261,2394,2366
2021-09-16,급속,3200,2560,1400,1280,1720,3400,4720,8760,11520,11800,11600,14560,15400,14840,14280,15960,17960,14240,14960,12760,12160,8720,7240,5240
2021-09-16,완속,693,686,301,98,98,98,301,553,973,952,1092,1057,1099,987,1183,1666,2128,2576,3024,2968,2849,2408,2233,2198
2021-09-17,급속,3680,2800,1200,1400,1600,2760,5440,8680,9680,11120,12400,12600,16400,15440,16360,16160,17240,16920,16760,13360,11280,9800,8200,7080
2021-09-17,완속,742,714,434,147,119,147,245,581,959,987,1106,1246,1211,1421,1470,2016,2464,3003,3402,3262,2702,2338,2471,2303
2021-09-18,급속,4680,3600,1080,1520,1960,3000,5560,8520,9680,12880,14760,14360,14640,17240,16400,15160,15400,14640,15040,11080,9760,7520,5760,5280
2021-09-18,완속,952,931,868,196,98,119,329,616,896,1120,1155,1407,1372,1722,1652,1673,1932,2212,2422,2506,2310,1778,1995,2086
2021-09-19,급속,3480,2440,1880,1400,1800,1920,5800,7120,8480,10200,13680,14520,13880,12960,14480,15720,14160,15560,12240,12440,10040,8280,6840,4600
2021-09-19,완속,777,721,294,182,70,133,322,504,791,1036,1211,1330,1505,1631,1575,1610,1743,2114,2674,2464,2114,2030,1981,1939
2021-09-20,급속,2520,1760,1400,1000,1680,1840,4760,7760,8000,9560,11640,11840,13160,12960,15000,14400,15240,13720,12480,10200,9320,7320,4920,4040
2021-09-20,완속,714,700,392,112,84,147,322,497,644,812,1071,1141,1190,1379,1519,1547,1715,1946,2107,1974,2030,1897,1806,1477
2021-09-21,급속,2400,1640,560,640,1280,1680,2720,4160,5160,6360,8640,11240,10760,10760,11160,12400,12080,11800,9880,9560,7560,6640,4960,3160
2021-09-21,완속,637,602,378,133,84,28,154,448,574,686,854,1092,1232,1302,1288,1288,1701,1918,1897,1876,1967,2100,1764,1736
2021-09-22,급속,2280,1520,1000,1200,1360,1680,3440,5360,7640,8560,11120,12360,12080,12560,13880,15000,14560,13880,12160,9320,7760,8160,4920,3800
2021-09-22,완속,784,770,287,133,112,77,182,357,623,826,1078,1148,1260,1498,1603,1785,1904,2191,2422,2443,2170,1932,1869,1344
2021-09-23,급속,2440,1680,1080,1240,1720,2720,5280,7240,11160,11960,13760,14720,15920,14520,14680,14760,16000,18160,14400,12560,9760,8120,5960,4720
2021-09-23,완속,616,574,154,63,112,63,301,427,882,875,945,1113,1106,1204,1183,1694,2191,2695,3367,3017,2345,2268,1925,1792
2021-09-24,급속,2480,1840,1080,1240,2200,2680,4680,7280,10200,10880,12160,12520,14360,15680,15040,14840,17000,15920,16400,13320,11120,8840,6720,4920
2021-09-24,완속,637,616,329,133,35,91,322,490,861,917,1022,973,1225,1148,1288,1673,2191,2737,3171,2975,2541,2422,2289,2254
2021-09-25,급속,3320,2200,1480,1240,1720,2400,5160,7800,8320,10800,11360,12440,13760,13680,12400,14800,14480,14040,12400,9560,8840,5760,5200,3960
2021-09-25,완속,917,910,364,182,105,140,252,385,672,777,1015,1099,1218,1281,1540,1638,1883,2177,2345,2359,2156,2093,1981,1701
2021-09-26,급속,2320,1720,960,800,1120,2080,4200,6080,7760,9040,10640,11320,12240,12720,14120,13760,14200,13280,12920,9440,8480,8120,5520,3360
2021-09-26,완속,742,721,287,196,140,84,301,350,574,1148,1211,1274,1421,1666,1603,1827,2219,2555,2604,2436,2107,1995,1932,1547
2021-09-27,급속,2360,1720,600,800,2040,2480,5160,6320,9720,11120,12760,12920,16360,14280,13400,15880,16040,15840,15120,12440,11120,7640,6320,4640
2021-09-27,완속,539,483,420,77,42,70,224,427,770,763,686,910,805,952,994,1533,1792,3066,3353,3171,2457,2394,2149,1750
2021-09-28,급속,2720,2120,1320,1240,1840,2480,4360,7640,9080,10720,11440,13120,16200,14600,14640,15040,15880,16320,13600,12560,10160,7600,6040,4720
2021-09-28,완속,483,476,420,147,105,77,252,525,917,700,728,1036,812,1015,1197,1456,1981,2562,3213,3220,2562,2219,2107,1638
2021-09-29,급속,2720,1840,1160,640,1760,2560,5120,6600,9000,10520,10920,13680,14240,14600,14200,15760,15080,15720,12320,12160,9760,7680,6000,4040
2021-09-29,완속,651,637,259,147,77,70,203,518,840,826,798,938,938,1008,1113,1512,2100,2674,3157,3262,2618,2058,2198,2156
2021-09-30,급속,2960,1880,1280,1120,1680,2680,4720,7880,10120,11360,12360,14640,15840,15320,13840,15920,16320,16920,14680,13600,14960,9640,8080,5280
2021-09-30,완속,735,721,350,105,49,126,259,462,854,924,819,798,1022,1057,1232,1582,2009,2646,3605,3409,2779,2324,2429,2345
2021-10-01,급속,3160,2200,1360,1240,1960,3040,5120,8200,10720,11640,12640,14720,15120,15520,15160,17640,17600,18200,16240,13400,12120,10280,7680,5960
2021-10-01,완속,791,770,399,105,77,140,196,525,917,1008,889,1022,1064,1169,1456,1771,2037,2786,3591,3521,2597,2331,2478,2345
2021-10-02,급속,3520,2600,1480,1320,2120,2680,6560,8760,11840,11440,11080,13920,14640,14880,15080,16760,15800,15120,10880,10440,9560,8480,6240,4840
2021-10-02,완속,903,889,364,182,147,161,357,644,749,826,1127,1127,1330,1449,1463,1498,1750,2177,2471,2527,2254,2184,2065,1827
2021-10-03,급속,3280,2520,1560,1080,1600,2120,4440,7440,9040,10680,12160,13480,14000,14280,15200,14440,14600,14440,11640,9960,9400,8360,6120,4320
2021-10-03,완속,756,735,392,126,84,133,273,581,672,1015,1106,1288,1288,1330,1344,1561,1813,2205,2436,2583,1939,2107,1932,1890
2021-10-04,급속,4520,3280,1480,1320,2000,2400,5800,8960,9920,12200,14440,17480,16360,17960,18200,16800,18560,18600,17160,15520,12680,11600,8160,5840
2021-10-04,완속,644,630,343,161,105,91,196,378,623,840,938,917,1204,1449,1498,1883,2016,2744,2898,2681,2016,2037,1967,1645
2021-10-05,급속,2800,2120,960,720,1520,2200,5480,8000,9760,11120,12400,14440,15400,15520,14880,16880,17320,17200,14560,12320,11840,9080,5960,4640
2021-10-05,완속,532,532,154,112,49,84,210,476,840,763,721,1008,987,973,1344,1722,1813,2730,3234,3150,2520,2303,2282,1806
2021-10-06,급속,3200,2400,1360,1000,1760,3080,4800,6320,9320,11040,11480,12880,13400,14200,14320,14760,15160,15960,15040,12240,11280,8800,6960,4560
2021-10-06,완속,651,651,315,84,119,63,175,406,833,686,756,910,994,931,1148,1561,1848,2807,3164,3234,2562,2247,2352,2310
2021-10-07,급속,2840,2120,1320,960,1560,2200,5840,7360,10000,11280,14120,14600,16160,15280,16400,15320,18080,16480,16080,13640,10320,9360,6920,5440
2021-10-07,완속,637,602,357,231,35,98,210,406,1008,812,1148,903,994,1057,1491,1764,2219,2968,3164,3605,3507,2254,2156,2079
2021-10-08,급속,3000,2240,1120,1080,1880,3120,5240,7480,11160,13040,13640,15240,18160,15800,17240,15320,17320,15600,15520,14440,12600,9320,7920,7240
2021-10-08,완속,651,651,315,98,91,147,315,546,952,1057,1162,1057,1211,1190,1274,1883,2065,2737,3227,3423,2632,2296,2282,2366
2021-10-09,급속,3760,2680,1760,1680,1760,2560,4960,8400,10600,12320,12840,13760,14680,15320,15480,14600,16560,14280,12640,11200,9360,8680,5720,4840
2021-10-09,완속,910,581,553,217,140,154,378,448,763,1036,966,987,1218,1386,1372,1512,1680,2072,2366,2667,2226,2149,2114,1806
2021-10-10,급속,3000,2120,1600,1280,1480,1920,4720,7120,8200,11320,12000,13960,15080,13600,14480,15440,13440,12720,11360,10520,8040,6520,5120,4040
2021-10-10,완속,770,763,245,231,84,147,259,469,609,980,805,1225,1232,1281,1694,1603,1946,2037,2457,2387,2079,1967,1757,1253
2021-10-11,급속,2760,2160,1440,720,1240,2200,4280,7440,8320,10200,12400,12920,14440,14040,16040,14920,15840,14760,12120,10600,10000,7480,5720,4400
2021-10-11,완속,763,763,308,140,42,140,231,448,581,1001,854,1197,1127,1253,1568,1813,2072,2639,3045,2457,2303,2198,1897,1484
2021-10-12,급속,2760,1920,1480,640,1720,2600,3880,7560,9840,12040,12600,15960,18000,15320,16680,16360,15400,17440,15480,14000,11400,8000,6400,4640
2021-10-12,완속,532,504,266,91,77,91,161,504,784,882,1036,1148,1057,1127,1302,1596,1939,2954,3255,3192,2338,2289,2219,2198
2021-10-13,급속,2640,2160,1280,960,1560,2520,5000,7840,9560,12280,12840,15160,16000,15120,15200,16920,16440,15800,14680,14320,11960,10560,7000,5160
2021-10-13,완속,700,693,308,182,91,112,329,406,966,889,742,1001,1078,1134,1372,1652,2184,2807,3143,3388,2744,2268,2247,2247
2021-10-14,급속,2720,1960,1640,1120,1840,2560,5000,7880,11120,12400,13800,15160,14840,16960,15000,16680,18400,17720,16360,14840,12080,9280,7720,5240
2021-10-14,완속,728,721,357,161,133,84,252,448,1071,931,1043,1078,1120,1064,1183,1785,2205,2807,3521,3339,2583,2541,2380,2324
2021-10-15,급속,3200,2240,1480,1040,1920,2920,6160,8800,11720,13000,13600,14600,17240,17080,15360,17520,16800,15560,13960,12920,11520,8880,6960,5200
2021-10-15,완속,728,714,182,182,77,112,315,476,847,931,1134,1253,1253,1302,1351,1862,2002,2758,3353,3143,2583,2534,2303,2219
2021-10-16,급속,3000,2120,1680,1400,1680,2160,5320,8440,10280,12120,13840,15160,15640,14600,15080,16960,15200,13760,13000,10920,8480,8240,6480,5080
2021-10-16,완속,833,826,294,294,133,175,266,469,707,861,1036,1183,1519,1512,1624,1687,1708,2149,2464,2226,2212,2086,2268,1743
2021-10-17,급속,3240,2600,2000,920,1880,1920,4200,7640,9280,11120,13560,14640,16120,15360,16120,16600,16320,15320,14800,12840,11360,8320,6440,4640
2021-10-17,완속,728,721,434,98,147,140,245,455,707,959,1316,1386,1568,1428,1694,2009,2289,2646,2989,2716,2359,2163,1806,1736
2021-10-18,급속,2280,2440,1920,1160,1440,2880,4960,7920,12120,15280,15480,16400,16920,16680,17000,17360,17280,17920,16920,14160,11720,8400,6160,4920
2021-10-18,완속,539,168,168,98,63,105,140,455,1092,1001,1183,1176,1225,1085,1281,1680,2436,2695,3269,3584,2772,2632,2324,1764
2021-10-19,급속,3040,2040,1520,1240,1680,3120,5040,7960,11040,12000,12760,15000,17400,15960,16240,15960,18360,17160,16120,14720,10720,9080,7320,5680
2021-10-19,완속,707,700,357,147,77,105,161,504,1015,889,973,959,966,973,1204,1708,2219,2884,3577,3430,3353,2268,2345,2303
2021-10-20,급속,2960,2080,1520,1040,2160,3000,4760,7600,11760,14000,13560,16600,17320,17240,15400,16200,19080,18600,17480,15080,11400,10800,7160,5600
2021-10-20,완속,672,665,308,161,91,147,245,469,882,980,875,1022,1015,1022,1232,1673,2226,2779,3528,3514,2835,2331,2268,1946
2021-10-21,급속,3080,2320,1720,1280,2000,2640,5920,7920,11080,13680,14680,17040,18080,17600,16680,19680,18880,19560,17720,14920,11920,9800,8920,6680
2021-10-21,완속,763,742,308,203,70,105,273,609,1176,945,952,1120,1127,1232,1533,1792,2310,2940,3633,3381,2814,2660,2380,2296
2021-10-22,급속,4000,2880,2080,1280,1920,2920,5800,9200,13840,14480,15760,16840,19520,18640,16960,18920,18040,18040,17080,15840,13000,10560,7600,5920
2021-10-22,완속,833,812,329,133,84,98,231,581,1260,1253,1155,1211,1246,1148,1302,1736,2247,3094,3479,3353,2695,2681,2611,2289
2021-10-23,급속,4240,3280,2200,1840,2440,2400,5840,10200,11840,13720,15240,15720,16480,17160,16160,15640,16160,15560,14560,11720,10360,7440,5680,4640
2021-10-23,완속,854,840,518,252,161,126,266,602,917,980,1120,1176,1232,1666,1575,1715,1939,2212,2884,2520,2401,2345,1883,2135
2021-10-24,급속,3160,2520,2000,1320,2080,2440,4200,7640,10080,11240,14520,14080,14520,15560,15440,15680,15280,15840,13800,12280,9320,8200,6360,5040
2021-10-24,완속,854,525,511,224,112,98,329,420,756,1050,1281,1344,1477,1708,1701,1855,2429,2849,2905,2646,2604,2121,1694,1379
2021-10-25,급속,2520,1960,1720,1000,2000,2640,4200,6840,10760,12560,14360,14840,18080,16640,17720,17800,19720,18480,16640,15280,12440,9040,6840,5040
2021-10-25,완속,532,518,259,196,63,105,259,427,1078,1001,1071,1022,1456,1267,1428,1764,2184,3108,3416,3388,2793,2093,2107,2065
2021-10-26,급속,2680,2400,1720,920,1880,2880,5240,8640,10840,14240,14040,16960,19680,17680,15880,17360,19520,17480,16760,14480,10800,8360,6760,4760
2021-10-26,완속,637,371,371,119,105,105,245,392,1092,952,931,1036,1113,1169,1260,1827,2051,2919,3493,3192,2695,2513,2429,2345
2021-10-27,급속,3360,2600,1880,1440,1440,2960,5600,9160,12040,12720,14920,14760,18680,16160,16520,16680,18000,16520,15920,13800,12360,8760,6600,5640
2021-10-27,완속,784,777,315,119,91,140,175,504,931,952,1113,987,1204,1036,1428,1582,2401,2856,3465,3626,2786,2723,2303,1827
2021-10-28,급속,3200,2960,2200,960,1960,3240,5160,9160,10840,13520,15240,14840,18360,16480,19080,16360,18520,18760,16000,14520,12280,10200,7920,5880
2021-10-28,완속,651,378,378,189,70,140,287,504,1099,980,1008,896,1008,987,1463,1855,2128,3094,3717,3248,2919,2793,2275,2261
2021-10-29,급속,4000,3080,2160,1360,1840,3080,4960,9360,10840,14200,14840,16560,18520,18480,16480,17360,17840,17600,16440,16160,12720,9760,7520,6320
2021-10-29,완속,784,749,420,119,140,119,252,588,1246,1148,1015,1050,1008,1134,1344,1883,2170,3297,3717,3437,2597,2401,2429,2310
2021-10-30,급속,4240,3080,2560,1800,2920,3480,6000,9440,11160,13160,15320,16080,16200,16720,17080,16360,18520,15600,14040,11040,10640,8360,6760,5400
2021-10-30,완속,875,854,322,308,182,168,266,602,784,1197,1148,1260,1316,1652,1568,1750,1946,2366,2688,2373,2443,2142,1988,1953
2021-10-31,급속,2560,2200,1640,1200,1480,2360,4880,6880,9920,12800,13640,14680,15040,16360,15680,17200,16720,15840,14480,12160,10360,9120,6320,4640
2021-10-31,완속,875,574,553,301,112,119,259,490,777,1057,1316,1386,1407,1407,1918,2240,2380,2828,2996,2709,2422,2205,2149,1673
2021-11-01,급속,2840,2880,2120,1160,1760,2160,4080,7960,10960,12720,12880,14600,16880,14640,16640,16640,16600,17120,15280,14040,12200,9800,7120,5120
2021-11-01,완속,686,231,231,84,119,112,231,539,1183,959,875,1043,973,791,1071,1820,2037,2821,3325,3276,2653,2170,2058,1764
2021-11-02,급속,3200,2600,1760,2080,1840,2760,5000,8600,11920,12720,13720,15120,17680,14880,15760,18080,17640,17280,16160,14080,11760,9480,7560,5520
2021-11-02,완속,742,721,392,154,133,133,224,427,1085,847,840,812,1043,1162,1253,1512,2128,3080,3318,3388,2604,2247,2142,2086
2021-11-03,급속,3680,2800,1640,1680,2360,3000,5880,8320,11720,12560,14600,16040,17880,17400,16600,18680,19200,17200,16280,15320,13400,9920,6960,5400
2021-11-03,완속,742,714,406,126,105,140,189,595,994,889,959,1001,1197,1134,1302,1841,2261,3017,3514,3472,2744,2282,2254,2233
2021-11-04,급속,2840,2360,2160,1720,2000,3320,5720,8680,11080,14240,14920,16880,18800,16400,18320,17240,18000,17440,17080,16160,12560,10480,6880,5720
2021-11-04,완속,728,462,301,287,112,126,259,441,1120,903,1043,1113,1043,1197,1456,1533,2317,3017,3262,3367,2499,2562,2513,2310
2021-11-05,급속,3560,2560,2280,1680,2440,3480,6040,9560,13480,13120,13720,15680,19880,18360,17520,18880,18480,18200,18440,15280,13600,9960,8240,5960
2021-11-05,완속,896,882,399,147,112,210,273,539,959,1134,1120,1022,1365,1246,1442,1869,2170,3003,3717,3563,2667,2415,2492,2310
2021-11-06,급속,4120,3080,2320,2040,2360,3640,6240,9800,11600,13520,14360,15840,18400,16200,16400,17000,18320,15360,13680,12160,10640,7840,5520,5040
2021-11-06,완속,987,973,518,189,133,147,329,574,959,1169,1211,1302,1330,1603,1526,1638,1911,2562,2520,2387,2226,2177,2191,1967
2021-11-07,급속,2760,2600,1760,1840,2040,2680,4800,8600,10600,11440,14080,15160,14920,16200,16200,16360,16480,16600,13200,12360,9600,8840,5960,4360
2021-11-07,완속,938,560,546,238,182,133,308,560,742,1211,1246,1470,1603,1554,1673,2135,2415,3066,2765,2793,2114,1988,1932,1897
2021-11-08,급속,2880,2280,1360,960,2520,2600,3560,6560,9880,10600,12520,14040,19080,16880,18040,19000,20680,19280,17200,15080,12280,10000,7600,5160
2021-11-08,완속,574,574,245,245,70,112,231,434,714,952,1085,952,1008,1246,1484,1974,2128,3220,3773,3353,2548,2233,1967,1932
2021-11-09,급속,3480,2640,1520,1360,2080,3320,4600,8720,12600,16200,15720,15800,20320,18120,17160,19560,20080,18800,18960,14840,14040,10360,8280,5680
2021-11-09,완속,756,714,301,140,119,154,259,511,1057,924,1106,1260,1113,1197,1239,1848,2513,3143,3451,3577,2849,2800,2352,2324
2021-11-10,급속,3880,2880,2680,2120,1920,3360,6480,9600,13640,14920,15400,18960,20160,19720,20320,21640,20760,20440,17400,17200,12760,10120,8920,7160
2021-11-10,완속,763,763,350,168,133,161,273,469,1099,1183,1057,1064,1169,1218,1477,1932,2639,3206,3745,3353,3255,2618,2429,2114
2021-11-11,급속,3800,3120,2680,2360,2760,4120,5640,9280,13240,15920,15360,16320,18680,19000,19440,20160,21160,19720,20080,16720,13800,10880,8120,6520
2021-11-11,완속,749,749,322,161,119,133,266,651,952,1057,1134,1197,1372,1309,1281,1841,2233,3150,3696,3717,3101,2597,2499,2044
2021-11-12,급속,3560,3040,2720,1680,2240,4000,5880,10120,14040,15720,17080,20520,21520,19480,20160,21040,21800,18720,20240,16320,14560,11520,8600,7440
2021-11-12,완속,791,476,462,280,168,203,287,546,1071,868,1092,1225,1400,1470,1519,1960,2310,3234,3619,3276,2933,2723,2779,2338
2021-11-13,급속,4200,3080,2480,2600,2840,4040,5920,10800,13040,15480,18120,18320,19640,18080,19160,17840,18440,15640,14520,13480,10960,10120,7160,5640
2021-11-13,완속,896,889,518,273,217,168,301,518,756,1113,1134,1337,1407,1652,1750,1764,1904,2184,2583,2604,2422,2184,2030,1918
2021-11-14,급속,3840,2760,1400,2320,2400,2800,4560,7320,11080,12680,15000,14760,15560,16640,17200,18000,17640,15920,14240,12160,9440,9720,6920,4520
2021-11-14,완속,798,784,462,196,91,126,217,560,679,1050,1414,1421,1722,1351,1974,2212,2485,2947,2968,2569,2548,2044,2002,1666
2021-11-15,급속,3360,2360,880,1440,2000,3520,4760,7560,12960,14080,15360,18000,19960,18040,18560,17680,19480,17120,16920,15720,12560,9160,7560,5160
2021-11-15,완속,637,623,609,140,91,126,259,427,1155,833,1134,1064,1197,1225,1337,1652,2338,3045,3430,3220,2730,2646,2310,2275
2021-11-16,급속,3840,2920,1880,1640,2280,3400,4960,8760,13000,13080,14280,16240,19640,17760,18760,19120,19560,19200,14440,14480,13040,9920,8000,6400
2021-11-16,완속,826,812,231,112,112,112,217,329,994,917,966,910,1127,1344,1435,1729,2296,2807,3591,3367,2737,2541,2478,2065
2021-11-17,급속,3240,2480,2400,2040,2560,2960,5240,9120,12160,14160,15640,18920,19400,17840,18160,19520,20680,18360,17400,16560,13440,9960,8080,5480
2021-11-17,완속,763,742,266,266,154,133,266,497,1190,854,1323,1162,1211,1274,1407,2016,2296,2933,3570,3521,2912,2898,2387,2296
2021-11-18,급속,2960,2760,2000,1440,2160,3520,6040,10480,11600,14320,14760,16360,20440,17440,18840,16920,17720,18320,16920,15360,11400,10080,8080,6240
2021-11-18,완속,714,357,385,371,133,126,301,567,1155,889,1001,1015,1225,1134,1435,1617,2464,3010,3857,3269,3213,2163,2485,2282
2021-11-19,급속,3200,2400,2200,1920,2520,3880,5120,9360,13640,13800,15920,18840,20320,19400,19840,19520,19680,18840,16600,16160,13120,10600,8680,6680
2021-11-19,완속,910,903,420,140,119,147,252,504,1085,1001,1092,1379,1267,1281,1330,1925,2163,3094,3486,3199,2772,2632,2422,2457
2021-11-20,급속,4400,3120,2480,2160,3120,4240,5760,8400,11680,12840,14720,16760,14720,17040,18000,17440,15920,16160,13960,12440,11680,8440,6520,4800
2021-11-20,완속,980,952,427,231,161,224,273,518,665,1267,1190,1393,1400,1596,1575,1470,1806,2219,2702,2254,2079,2135,2128,2121
2021-11-21,급속,2880,2320,1720,1640,2280,2920,4160,6840,9360,10960,13600,15720,16000,16160,15760,17560,17120,15720,14120,12720,10000,8320,5920,5280
2021-11-21,완속,798,581,581,189,168,98,280,525,581,1253,1316,1372,1533,1855,1841,2030,2450,2758,2793,2436,2394,2121,2051,1414
2021-11-22,급속,2720,1880,1440,1120,1600,2240,4040,8280,12000,13840,15600,19000,19000,17120,18400,20680,20400,18760,18040,16400,13520,9800,8320,5840
2021-11-22,완속,546,532,280,133,84,119,287,490,980,994,1099,945,1085,1134,1351,1897,2499,3227,3584,3640,2898,2751,2247,2170
2021-11-23,급속,3320,3280,2440,1560,2000,4440,4800,9600,12680,14640,15720,19560,20720,20200,21640,21400,22040,21360,18880,17880,12960,10800,9880,6960
2021-11-23,완속,665,392,385,140,112,161,238,455,1029,1050,1015,952,1288,1316,1582,1932,2723,3171,3801,3689,3598,2282,2471,2422
2021-11-24,급속,4320,3360,2480,1800,2560,4520,5600,9760,13600,15440,16440,20680,20480,19640,19960,19520,19840,20960,18640,18040,14400,10680,8880,6320
2021-11-24,완속,770,749,308,126,84,133,273,406,1183,1134,1113,1043,1085,1260,1456,1967,2352,3255,3815,3479,2723,2667,2331,2261
2021-11-25,급속,3800,3040,2640,1880,2400,4280,6000,9560,14640,16200,16920,18480,21240,18760,19680,19920,20600,19960,19360,16720,14360,9800,7560,6360
2021-11-25,완속,840,819,406,231,126,154,231,532,1064,1162,1008,1127,1155,1337,1526,1827,2233,3122,3640,3346,2814,2737,2317,2219
2021-11-26,급속,4160,3000,2480,1920,2600,3760,4840,9760,15280,14800,15560,19160,22440,20080,20320,20160,21080,19840,18200,16640,14920,12520,9320,6360
2021-11-26,완속,812,805,490,182,91,133,273,497,1134,1078,798,1106,1197,1281,1176,1540,2191,3171,3570,3528,2814,2387,2653,2604
2021-11-27,급속,4360,4200,3280,3080,3360,3240,5720,9320,13560,16440,18160,17400,20400,19520,19520,19280,19560,17440,15240,13320,10720,9200,8080,5440
2021-11-27,완속,924,623,616,189,182,217,301,539,686,1239,1456,1302,1547,1533,1750,1701,1981,2464,2681,2478,2324,2044,2184,2121
2021-11-28,급속,3600,2480,1960,2160,2320,3040,4360,7960,10080,12440,15080,14760,16600,18120,17920,20200,17480,16560,15640,13760,11480,8760,7040,4920
2021-11-28,완속,959,938,329,315,119,133,217,497,644,1050,1379,1463,1708,1862,1932,2289,2730,2961,3038,2541,2338,2044,1778,1736
2021-11-29,급속,2720,2400,1880,1320,2320,2360,4280,8960,12920,14880,17160,18920,19720,18760,19280,19480,20000,18880,16640,16400,13840,9600,7480,5080
2021-11-29,완속,609,238,238,196,119,91,287,392,1078,1015,1071,1253,1218,1274,1274,1757,2569,3150,3500,3451,2597,2506,2128,2121
2021-11-30,급속,3200,2920,2280,1720,2240,2640,4000,6840,8080,11040,13480,16120,18120,16720,17480,18160,21440,19120,19480,17960,12920,10800,10320,7120
2021-11-30,완속,798,448,441,308,133,77,210,427,812,1036,910,952,1029,1092,1295,1547,1967,2905,3514,3486,3430,2268,2079,1981
2021-12-01,급속,3720,2600,2000,1560,1840,3080,5680,8600,15320,14960,17000,20040,21720,21320,22600,23280,23280,24840,19120,18600,15960,13240,10600,7720
2021-12-01,완속,721,707,119,119,140,168,203,455,1162,847,1085,1064,1281,1358,1463,2114,2884,3493,3822,3780,3094,2429,2436,2352
2021-12-02,급속,4560,3560,2600,2360,2120,3520,6720,9440,15040,16640,18480,20880,24040,22120,22600,22480,22880,20920,19960,18360,15400,11760,9000,6200
2021-12-02,완속,777,756,224,175,119,140,273,490,1211,1197,1106,1162,1351,1435,1379,2156,2513,3500,3836,3661,2646,2478,2576,2541
2021-12-03,급속,4000,3360,3240,2720,2520,2880,5440,9160,15000,15360,17240,18680,21880,21120,21320,20600,23440,20280,20080,17680,15360,11240,8760,7120
2021-12-03,완속,875,875,322,315,98,133,308,581,1148,1169,1071,1120,1421,1505,1792,1778,2457,3402,3773,3682,2681,2583,2639,2394
2021-12-04,급속,4840,3760,3400,2280,2920,3640,5360,9800,12520,14760,18680,18200,21120,20240,20560,20640,21720,17320,13280,12640,12040,9120,7040,5360
2021-12-04,완속,1008,966,490,350,154,182,238,546,924,1134,1253,1316,1526,1771,1988,1736,2156,2709,2506,2170,2177,2128,2002,2058
2021-12-05,급속,4200,3000,2120,1920,1840,3560,4440,7040,10360,13000,14240,17040,18080,19960,19560,20600,19720,19000,14920,13480,11200,9480,7080,4600
2021-12-05,완속,749,707,497,266,196,105,189,483,826,1092,1533,1435,1785,1848,2016,2198,2779,3003,2947,2541,2457,1652,1631,1687
2021-12-06,급속,2400,2040,1640,1720,2000,2400,5200,8640,12840,14080,16400,18720,21040,21080,20760,19800,20000,19400,18920,15120,12400,9120,6760,4880
2021-12-06,완속,581,343,336,133,105,126,189,539,1008,1099,1190,1141,1337,1127,1260,1729,2534,3094,3689,3227,2681,2611,2366,2338
2021-12-07,급속,3240,2240,2200,1520,1960,3320,5320,8360,12040,14320,16360,18680,20240,19560,19960,20160,20360,18800,15800,16600,12520,10280,8000,6120
2021-12-07,완속,833,819,336,252,119,182,273,469,980,1015,1113,1309,1141,1148,1407,1778,2387,3038,3801,3549,3486,2268,2191,2149
2021-12-08,급속,3640,2880,2000,1560,2160,3200,4240,8840,11720,14800,15120,18320,21160,18920,17840,19920,20440,19080,18440,15680,11880,10520,7000,6400
2021-12-08,완속,651,637,455,315,105,133,266,343,1043,966,1008,1120,1085,1323,1624,1876,2548,3220,3367,3682,3577,2457,2422,1960
2021-12-09,급속,3560,2920,2400,1880,2000,3840,6240,8760,13600,14040,15120,18280,21600,20640,19680,21360,22000,19880,17960,16440,12920,10000,8120,5720
2021-12-09,완속,798,784,378,231,63,119,196,581,952,994,833,1064,1155,1113,1351,2030,2254,3199,3857,3346,2821,2317,2471,2436
2021-12-10,급속,3880,3440,2480,2000,2400,3640,5760,8280,14280,14000,16600,18120,21280,19760,19800,19560,21440,19520,17480,16640,12560,9800,8720,6160
2021-12-10,완속,756,441,441,154,175,119,224,427,1029,945,1008,1134,1337,1211,1477,1960,2352,3311,3598,3444,2646,2387,2408,2366
2021-12-11,급속,4000,3160,2280,2600,2560,2960,5000,9640,12880,13760,16080,16880,19200,19360,18200,18800,18040,16360,14520,12960,9800,7880,6560,5040
2021-12-11,완속,1064,1050,476,224,203,126,301,371,686,882,1267,1484,1575,1638,1701,1855,2254,2485,2681,2506,2002,1869,1925,1855
2021-12-12,급속,3360,2720,2160,2160,2640,2400,4320,6680,9680,12760,14840,16600,16240,17720,18760,18080,19000,17240,15400,14600,13200,9240,7040,5320
2021-12-12,완속,1036,1008,448,238,203,210,203,301,728,1113,1365,1575,1722,1792,2114,2380,2954,3122,3129,2660,2436,2387,1666,1302
2021-12-13,급속,3160,2280,1640,1320,1880,3000,5000,8800,14960,15120,17080,20880,25160,20080,21480,22920,22520,22640,20320,16880,14400,10640,9080,6640
2021-12-13,완속,511,497,203,112,105,91,203,420,1162,1022,1106,1274,1372,1302,1505,2002,2443,3416,4081,3549,2807,2758,1932,1911
2021-12-14,급속,3760,3200,2480,1600,2040,3280,5840,9720,14400,16720,18600,21000,22400,20840,21440,21560,21800,20120,17560,16360,13440,10480,8000,5480
2021-12-14,완속,756,728,357,217,126,126,399,518,1057,1043,1106,1148,1141,1316,1442,1967,2534,3311,3591,3451,2730,2639,2212,2184
2021-12-15,급속,3160,3040,2400,1720,2200,2640,4760,8120,13280,16040,16920,18840,21520,19880,19240,21000,20480,19800,19840,14760,13560,10160,7560,5560
2021-12-15,완속,805,539,511,147,140,140,224,595,840,966,1176,1337,1197,1225,1421,1785,2478,3234,3661,3605,2646,2387,2296,2261
2021-12-16,급속,3160,2840,2440,2000,2160,3440,4600,7880,11560,14440,15760,17920,20520,19960,20920,19840,21600,21200,19240,14800,13320,10600,8720,6600
2021-12-16,완속,728,399,392,252,161,105,294,399,1036,1071,1071,1253,1197,1141,1281,1862,2562,3178,3717,3528,2709,2261,2205,2079
2021-12-17,급속,3200,2640,2640,2080,2360,3280,6640,9080,15360,17240,17160,21440,23720,23320,23960,24960,26800,22520,21880,19360,17760,13840,10280,8520
2021-12-17,완속,742,721,210,210,105,119,301,511,1302,1099,1246,1288,1477,1512,1645,2212,2765,3444,3738,3486,2954,2499,2373,2240
2021-12-18,급속,5160,4520,4200,3560,3400,3400,5760,9840,13600,17600,21760,20600,23440,23680,23840,21840,19840,19320,16640,12960,11200,9040,7000,5680
2021-12-18,완속,896,406,315,315,161,147,259,385,784,1225,1505,1638,1806,1890,2037,1869,2149,2478,2240,1715,1652,1407,1141,1239
2021-12-19,급속,3320,2320,1400,1040,1640,1680,3280,6240,10000,13160,17240,17600,19840,19920,19760,20960,20800,19840,15320,14400,11000,9880,7320,5320
2021-12-19,완속,364,357,182,147,70,161,189,371,637,1120,1449,1414,1603,1750,2191,2156,2247,3045,2891,2331,2030,2086,1596,1533
2021-12-20,급속,3160,2520,1440,1000,2040,2720,5160,8160,13560,15360,17160,21040,23240,21560,20600,20320,20960,21000,19200,15760,12360,10240,8160,6080
2021-12-20,완속,455,448,175,77,91,119,217,399,903,1183,1127,1330,1127,1309,1365,1869,2268,3437,3766,3493,2695,2429,2177,2093
2021-12-21,급속,2560,2080,1680,1160,2120,3280,5760,8880,13040,13880,15840,18280,20800,19120,19960,19800,21040,20320,17480,15880,14640,11280,9080,6440
2021-12-21,완속,574,385,385,63,84,140,210,434,1001,1022,1043,1050,1302,1120,1547,1806,2093,3255,3752,3521,2961,2751,2373,2310
2021-12-22,급속,3400,2680,1960,1320,1800,3240,5480,8920,13600,15840,16840,21080,22800,20440,21560,20120,20720,19000,20200,16160,12880,11360,8320,7480
2021-12-22,완속,637,630,301,91,77,126,273,392,924,938,1092,1085,1302,1463,1379,1806,2555,3311,3612,3633,2989,2653,2632,1820
2021-12-23,급속,3800,2920,2000,1240,2360,3720,5640,9720,14600,16760,16760,19360,23040,20440,20400,19480,22280,21360,18320,17120,14240,11080,8720,6360
2021-12-23,완속,763,735,350,210,91,105,259,462,910,1169,917,1043,1253,1330,1393,1876,2457,3479,3661,3577,3101,2653,2366,2331
2021-12-24,급속,4040,3280,2080,1400,2200,3200,6200,11640,15200,15920,17360,21640,22720,21920,23160,23480,21560,19120,17560,17200,13680,11920,10200,7400
2021-12-24,완속,721,700,406,217,133,126,203,476,1246,1323,1302,1372,1295,1428,1687,2373,2583,3213,3563,3528,3038,2436,2268,2198
2021-12-25,급속,4400,3240,2000,1840,2320,3000,4520,6440,10920,14360,18880,19360,20840,21360,20720,21320,21960,18320,17800,14640,12720,10520,8600,6400
2021-12-25,완속,714,714,420,175,126,126,168,455,644,1015,1162,1645,1778,1568,1855,1946,2156,2779,2604,2478,2394,2121,1799,1708
2021-12-26,급속,3880,3080,1920,1000,1480,2080,3360,6360,9720,12840,17160,19240,21720,21000,24080,21400,26040,19960,15800,14960,12120,9840,8920,6320
2021-12-26,완속,707,686,301,203,77,98,224,308,644,1036,1225,1533,1862,1925,2030,2415,2653,3248,2912,2373,2170,2226,1512,1463
2021-12-27,급속,3600,2760,1720,1520,1720,3040,4880,7920,14160,19240,20680,23240,27040,24200,26200,27360,27920,24800,20800,19680,16200,11880,10160,7040
2021-12-27,완속,392,378,168,84,21,105,203,441,959,1204,1176,1323,1316,1267,1708,2079,2443,3472,4165,3332,2513,2422,2212,2149
2021-12-28,급속,3960,3080,1960,1640,2080,3680,5240,10360,16000,17520,19000,22800,25160,22160,24720,22640,24120,22560,20160,17400,14280,11560,10480,7480
2021-12-28,완속,560,553,371,140,140,112,301,497,1064,938,1001,1246,1155,1323,1456,1974,2653,3374,3990,3500,2863,2464,2303,2275
2021-12-29,급속,4000,2920,2000,1480,3040,3520,5640,9080,15600,16240,17280,19920,24040,23680,21520,21520,23720,21880,18640,16600,12920,11480,9200,6640
2021-12-29,완속,665,651,259,175,112,126,245,406,952,1092,1071,1379,1379,1309,1498,2191,2569,3150,3773,3654,3535,2646,2380,2331
2021-12-30,급속,3520,3160,2360,1720,2200,2400,5800,10040,14240,16440,18480,20960,24280,21200,23600,23960,22160,21360,20520,18160,14520,12400,10760,8080
2021-12-30,완속,651,357,350,126,112,105,294,490,903,1057,1085,1225,1204,1463,1680,2387,2856,3346,3990,3521,2786,2730,2296,2205
2021-12-31,급속,3960,3040,2480,1800,2440,3440,5480,9720,16680,17000,20000,23440,24120,24120,26680,25480,23680,23480,19600,17880,16000,12400,9440,7080
2021-12-31,완속,721,721,294,231,70,140,329,448,1344,1127,1386,1421,1729,1512,1834,2324,2702,3605,3647,3255,2702,2492,1939,1890